Record_ID,Observation_Date,Temperature_C,Humidity_pct,Pressure_hPa,WindSpeed_kmh,Visibility_km,Precipitation_mm,Elevation_m,CloudCover_pct,Region,Season,TimeOfDay,Station_Type,Cold_Front,Storm_Alert,Target_Column
1,2025-11-24,21.78,72.36,1016.34,16.13,6.23,0.0,396.46,50.73,North,Autumn,Morning,Urban,False,True,0
2,2025-04-23,33.56,79.81,1027.71,14.78,4.84,2.07,544.27,62.06,East,Spring,Morning,Urban,False,False,0
3,2025-01-23,1.59,100.0,1006.19,21.46,5.97,5.51,122.37,64.46,Coastal,Winter,Morning,Urban,False,False,1
4,2025-05-23,27.92,86.94,1009.78,9.67,8.18,4.08,88.0,77.22,East,Spring,Afternoon,Urban,False,False,0
5,2025-10-13,21.77,96.3,1025.03,19.74,5.6,5.29,955.55,80.65,South,Autumn,Evening,Urban,False,False,1
6,2025-10-15,22.61,80.09,1006.39,9.68,5.26,5.07,447.71,43.17,West,Autumn,Morning,Urban,False,False,0
7,2025-07-17,38.75,79.75,1027.49,12.43,9.3,4.03,320.93,47.95,East,Summer,Evening,Rural,False,False,0
8,2025-05-15,17.37,87.21,1005.06,21.77,7.07,7.38,1350.73,69.16,Mountain,Spring,Afternoon,Urban,False,False,0
9,2025-06-15,29.99,88.2,1025.95,14.25,5.68,7.53,357.67,65.23,East,Spring,Night,Rural,False,False,0
10,2025-03-26,33.74,85.33,1008.21,16.8,8.05,4.93,283.78,51.31,South,Spring,Evening,Urban,False,True,0
11,2025-06-23,23.09,73.91,1025.14,14.54,7.05,2.88,669.57,56.27,North,Summer,Afternoon,Urban,False,False,0
12,2025-05-05,13.78,100.0,1008.34,21.43,5.86,6.07,105.91,72.77,Coastal,Spring,Morning,Urban,False,False,1
13,2025-04-09,22.54,87.58,1012.4,19.68,7.31,4.5,653.53,55.41,South,Spring,Morning,Rural,False,True,0
14,2025-07-28,37.09,82.31,1020.57,20.25,6.37,6.57,431.91,64.56,East,Summer,Night,Rural,False,False,1
15,2025-09-07,25.81,93.42,1005.31,12.09,5.37,5.88,194.82,63.94,North,Summer,Afternoon,Urban,False,False,0
16,2025-07-26,30.86,77.57,1010.6,7.49,4.88,0.17,610.85,32.81,North,Summer,Afternoon,Rural,False,False,0
17,2025-11-27,22.29,96.06,1019.8,18.81,11.62,7.5,605.09,75.62,South,Autumn,Evening,Urban,False,True,1
18,2025-10-06,27.5,77.24,1000.62,13.95,5.99,4.11,41.52,45.22,Coastal,Autumn,Afternoon,rural,False,False,0
19,2025-05-25,26.25,73.96,1010.52,10.61,2.18,2.79,512.47,50.88,West,Spring,Night,Rural,True,False,0
20,2025-08-15,44.25,69.61,1014.85,24.84,8.06,4.59,271.76,58.88,West,Summer,Afternoon,Urban,True,False,1
21,2025-01-21,17.03,100.0,1022.33,22.49,6.13,6.9,58.96,71.12,Coastal,Winter,Afternoon,Coastal,False,False,1
22,2025-06-20,24.16,85.67,1018.95,14.63,4.2,7.23,145.41,62.85,Coastal,Spring,Night,Urban,False,False,0
23,2025-04-27,25.03,78.18,1013.43,16.69,6.3,1.27,73.51,55.97,South,Spring,Evening,Coastal,False,False,0
24,2025-02-25,30.7,69.63,1024.57,0.0,9.41,5.02,806.04,53.5,West,Winter,Night,Urban,False,False,0
25,2025-12-10,13.82,96.32,1021.41,11.9,4.69,6.26,690.64,65.18,South,Autumn,Night,Urban,False,False,0
26,2025-03-31,34.6,72.06,1022.65,18.9,6.29,0.0,590.41,45.58,West,Spring,Night,Rural,False,False,0
27,2025-03-28,25.29,89.12,1010.98,13.52,6.95,5.3,282.07,83.39,West,Spring,Afternoon,Urban,False,False,0
28,2025-11-19,23.27,78.57,1007.13,11.75,6.88,1.44,0.0,70.53,West,Autumn,Night,Urban,False,False,0
29,2025-10-13,29.52,75.82,1017.35,5.82,9.28,2.36,951.08,49.14,South,Autumn,Night,Rural,False,False,0
30,2025-05-07,18.76,94.88,1024.87,11.37,5.47,3.35,109.16,70.71,Coastal,Spring,Morning,Urban,False,False,0
31,2025-02-02,14.0,97.95,1024.96,20.36,2.16,10.81,496.83,74.72,East,Winter,Night,Urban,False,False,1
32,2025-10-03,30.39,82.6,1010.92,15.59,7.22,3.94,84.76,53.48,Coastal,Autumn,Night,Rural,False,False,0
33,2025-10-01,16.42,85.58,1023.36,16.51,7.1,7.28,682.0,67.93,North,Autumn,Afternoon,Urban,False,False,0
34,2025-02-11,30.3,83.75,1011.29,18.98,5.21,10.59,712.37,67.49,East,Winter,Afternoon,Urban,True,True,1
35,2025-12-09,27.82,72.36,1014.0,19.74,2.18,0.0,364.36,35.09,North,Autumn,Afternoon,Coastal,False,True,0
36,2025-07-23,30.65,83.6,1022.47,17.06,4.42,4.08,1439.52,54.76,Mountain,Summer,Morning,Urban,False,False,0
37,2025-06-24,24.4,80.33,1007.71,16.93,7.63,2.3,539.09,63.98,North,Summer,Evening,Rural,False,False,0
38,2025-06-15,27.25,94.59,1010.32,19.07,4.02,3.92,95.1,68.12,Coastal,Spring,Evening,Urban,False,False,1
39,2025-11-02,22.87,96.09,1015.64,15.07,4.68,48.97,83.93,55.96,Coastal,Autumn,Night,Urban,True,False,1
40,2025-07-08,34.32,74.72,1012.69,14.04,4.54,2.12,259.92,54.71,East,Summer,Afternoon,Urban,False,False,0
41,2025-04-09,19.21,87.87,1021.77,14.16,5.41,6.72,511.78,73.04,South,Spring,Afternoon,Urban,False,True,0
42,2025-03-06,18.52,82.12,1010.42,19.66,5.82,2.29,480.43,67.61,West,Winter,Night,rural,True,False,0
43,2025-12-18,26.19,82.87,1006.21,32.91,7.63,8.13,102.87,52.37,North,Autumn,Afternoon,Rural,False,False,1
44,2025-10-19,32.01,67.13,1007.27,17.45,6.17,2.06,806.47,52.66,West,Autumn,Morning,Urban,False,False,0
45,2025-01-17,16.71,77.37,1003.73,17.0,9.19,1.38,190.01,45.92,South,Winter,Afternoon,Urban,False,False,0
46,2025-03-26,19.4,85.88,1006.11,20.75,4.42,3.34,88.32,56.81,Coastal,Spring,Night,Urban,False,False,0
47,2025-11-06,37.81,88.1,1018.02,8.51,13.32,2.43,357.05,57.53,South,Autumn,Morning,Rural,False,False,0
48,2025-08-12,34.58,71.78,1014.45,10.82,8.09,0.0,17.15,44.29,West,Summer,Evening,Rural,False,False,0
49,2025-02-15,12.52,100.0,1005.66,20.29,7.61,8.24,201.03,72.98,South,Winter,Afternoon,Urban,False,False,1
50,2025-03-09,8.64,80.49,1017.88,26.3,9.24,3.03,1589.67,66.2,Mountain,Winter,Night,Urban,False,False,0
51,2025-03-02,25.25,92.43,1010.21,24.65,2.95,8.47,178.01,72.28,West,Winter,Afternoon,Urban,False,False,1
52,2025-08-01,26.45,84.8,1008.15,24.64,5.4,7.06,169.23,53.5,South,Summer,Night,Urban,False,False,1
53,2025-08-22,33.56,64.92,1015.19,19.28,7.93,0.0,1588.44,57.04,Mountain,Summer,Night,Urban,False,False,0
54,2025-09-15,22.23,82.81,1016.43,16.37,5.03,4.95,1757.78,74.34,Mountain,Summer,Afternoon,Urban,False,False,0
55,2025-07-23,39.42,61.67,1019.24,8.6,5.97,3.64,479.95,25.79,West,Summer,Morning,Rural,False,False,0
56,2025-02-20,19.84,95.55,1009.78,18.38,6.47,57.83,88.01,81.97,Coastal,Winter,Night,Urban,False,False,1
57,2025-03-29,19.83,74.11,1010.8,7.7,5.36,1.41,270.41,45.54,North,Spring,Morning,Coastal,False,False,0
58,2025-10-28,25.38,94.39,1010.4,10.85,5.83,11.8,448.07,80.95,South,Autumn,Evening,Rural,False,False,1
59,2025-12-04,34.99,82.37,1017.0,0.0,9.27,1.62,718.52,41.29,East,Autumn,Afternoon,Rural,False,False,0
60,2025-12-04,17.3,99.68,1015.02,14.99,4.51,8.39,67.36,72.04,Coastal,Autumn,Evening,Urban,False,True,1
61,2025-07-07,41.87,64.74,1014.14,24.57,2.86,1.44,445.09,38.17,West,Summer,Morning,Urban,True,False,0
62,2025-07-23,31.16,82.62,1007.35,15.06,5.53,1.8,1687.11,53.33,Mountain,Summer,Night,Rural,False,True,0
63,2025-01-13,22.59,78.05,1006.13,8.92,4.88,1.13,340.51,42.91,West,Winter,Morning,urban,False,False,0
64,2025-03-11,17.12,77.91,1026.32,11.97,3.88,0.0,239.98,67.07,East,Winter,Night,Rural,False,False,0
65,2025-04-22,36.3,76.86,1022.63,19.68,0.68,1.49,291.04,63.83,East,Spring,Afternoon,Coastal,False,False,1
66,2025-01-11,17.07,69.21,1032.61,14.67,5.29,3.04,171.35,35.52,North,Winter,Afternoon,Urban,True,False,0
67,2025-03-16,-1.53,91.96,1023.91,23.23,6.29,8.59,1943.47,57.13,Mountain,Winter,Morning,Urban,True,False,1
68,2025-07-05,31.51,82.64,1018.89,16.49,5.6,5.58,0.0,51.04,West,Summer,Morning,Urban,False,False,0
69,2025-09-09,19.95,100.0,1010.86,19.26,6.69,10.96,12.17,68.87,Coastal,Summer,Night,Coastal,False,False,1
70,2025-12-02,23.45,81.17,1002.63,16.13,8.03,4.51,675.38,50.54,West,Autumn,Morning,Urban,False,False,0
71,2025-12-18,24.47,88.8,1015.9,16.8,5.19,1.35,1239.11,59.93,Mountain,Autumn,Evening,Rural,False,False,0
72,2025-01-27,5.91,86.48,1009.57,11.46,5.14,4.2,1532.82,79.18,Mountain,Winter,Evening,Urban,False,False,0
73,2025-10-15,18.16,77.45,1012.94,13.32,9.6,1.25,1768.94,62.6,Mountain,Autumn,Evening,Coastal,False,False,0
74,2025-11-21,21.31,92.03,1017.77,10.86,7.05,7.57,2124.92,58.93,Mountain,Autumn,Morning,Coastal,False,False,0
75,2025-02-11,15.67,81.48,1008.49,16.43,5.89,3.05,265.44,63.52,South,Winter,Night,Urban,False,False,0
76,2025-04-19,24.82,94.75,1007.15,20.91,6.56,6.19,91.1,63.92,Coastal,Spring,Evening,Urban,False,True,1
77,2025-02-09,9.62,96.88,1010.95,9.91,5.58,7.75,39.31,89.28,Coastal,Winter,Night,Rural,False,True,1
78,2025-09-26,18.6,86.99,1004.96,17.01,8.96,8.66,613.48,60.09,North,Autumn,Evening,Urban,False,False,0
79,2025-02-22,17.43,88.55,1013.94,6.54,7.39,9.3,31.32,68.56,North,Winter,Night,Rural,False,False,0
80,2025-06-11,23.59,83.66,1016.73,13.33,7.38,7.43,552.82,59.52,North,Spring,Morning,Urban,False,False,0
81,2025-02-16,11.88,84.71,1001.83,11.42,7.62,3.13,583.3,48.89,West,Winter,Evening,Rural,False,False,0
82,2025-02-13,20.07,90.84,1017.82,9.5,6.44,4.61,429.06,61.79,East,Winter,Night,Rural,False,True,0
83,2025-06-21,36.87,76.71,1011.61,23.74,3.42,0.0,607.47,48.79,North,Summer,Afternoon,Coastal,False,False,1
84,2025-02-13,16.54,79.1,1022.53,17.98,3.18,5.77,89.76,54.72,South,Winter,Night,Urban,True,False,0
85,2025-06-24,19.07,86.25,1015.25,16.93,6.1,4.39,1911.74,45.25,Mountain,Summer,Morning,Rural,False,False,0
86,2025-12-21,14.17,100.0,1008.68,10.5,5.87,7.3,47.05,67.59,Coastal,Winter,Night,Urban,False,False,0
87,2025-04-10,41.0,72.36,1008.73,15.15,4.61,4.29,900.35,50.16,East,Spring,Afternoon,Coastal,True,False,1
88,2025-09-22,32.29,88.27,1024.9,13.4,9.91,7.27,122.86,73.52,Coastal,Autumn,Night,Coastal,False,False,1
89,2025-07-11,39.33,77.47,1029.88,16.84,7.61,0.35,484.97,50.68,South,Summer,Evening,Coastal,False,False,1
90,2025-02-10,8.82,84.28,1017.43,22.59,4.46,1.31,650.59,61.67,North,Winter,Afternoon,Urban,False,False,1
91,2025-09-13,39.58,73.46,1014.39,17.41,3.77,4.04,465.38,65.07,West,Summer,Morning,Urban,False,False,1
92,2025-01-11,14.36,81.17,1015.59,19.25,5.58,8.71,494.9,53.24,East,Winter,Morning,Rural,False,False,0
93,2025-10-07,19.54,76.3,1006.17,0.0,5.55,2.7,712.62,68.05,South,Autumn,Night,Urban,False,False,0
94,2025-07-23,19.85,80.31,1012.35,14.71,4.69,1.24,2413.53,64.36,Mountain,Summer,Morning,Rural,False,False,0
95,2025-07-17,37.26,88.54,1004.88,23.22,5.11,7.14,213.97,71.81,South,Summer,Afternoon,Urban,False,True,1
96,2025-08-07,26.01,68.54,1017.12,11.76,2.4,0.0,273.54,38.02,North,Summer,Morning,Urban,False,False,0
97,2025-12-14,32.48,75.43,1010.79,8.44,7.54,3.94,304.88,48.58,North,Autumn,Morning,Rural,False,False,0
98,2025-09-29,30.72,81.35,1018.92,16.04,5.77,5.42,727.88,65.29,East,Autumn,Evening,Rural,False,False,0
99,2025-09-09,35.42,81.53,1018.88,23.11,9.24,4.48,1168.85,54.78,South,Summer,Evening,Rural,False,False,1
100,2025-12-25,21.06,83.18,1005.58,17.76,6.64,7.55,788.52,75.83,West,Winter,Evening,Urban,False,True,0
101,2025-02-03,27.76,82.88,1001.8,13.18,6.26,3.58,803.11,58.81,South,Winter,Night,Urban,False,False,0
102,2025-03-08,10.88,94.51,1011.67,18.22,5.88,8.35,639.7,69.47,East,Winter,Evening,Rural,False,False,1
103,2025-03-06,16.17,81.08,1007.81,8.47,5.13,3.13,67.74,44.6,West,Winter,Evening,Rural,False,False,0
104,2025-10-23,26.3,85.79,1022.3,13.97,5.39,7.54,248.33,59.83,South,Autumn,Afternoon,Rural,False,False,0
105,2025-01-31,9.7,86.99,1011.29,17.98,6.63,3.88,679.48,63.69,North,Winter,Night,Urban,False,False,0
106,2025-05-07,29.59,90.12,1018.47,19.51,3.69,11.55,324.74,79.13,North,Spring,Evening,Urban,False,False,1
107,2025-06-07,30.64,87.36,1008.35,16.37,4.99,5.18,383.98,78.46,East,Spring,Night,Urban,True,True,1
108,2025-07-26,35.21,74.17,1019.47,16.73,8.64,5.34,582.01,56.54,East,Summer,Morning,Urban,False,False,0
109,2025-10-13,15.11,82.94,1005.39,14.43,6.9,4.9,1545.86,71.74,Mountain,Autumn,Night,Urban,False,False,0
110,2025-11-12,20.99,94.03,1019.0,19.22,2.89,6.61,39.2,74.52,Coastal,Autumn,Morning,Coastal,False,False,1
111,2025-12-19,21.46,77.6,1003.48,1.1,5.42,1.97,721.33,60.38,West,Autumn,Night,Urban,False,True,0
112,2025-06-10,25.15,82.04,1016.14,6.51,6.2,0.0,536.17,56.86,East,Spring,Afternoon,Rural,False,False,0
113,2025-03-30,19.23,86.93,1007.06,4.37,4.52,0.91,424.08,74.45,East,Spring,Afternoon,Urban,False,False,0
114,2025-12-20,21.95,92.87,1018.94,25.4,3.43,6.96,105.22,65.65,Coastal,Autumn,Night,Rural,False,False,1
115,2025-05-28,27.98,89.38,1006.77,7.08,6.64,10.22,1723.45,81.69,Mountain,Spring,Evening,Urban,False,False,0
116,2025-11-23,34.18,85.09,1017.19,6.07,6.6,8.86,941.15,71.06,South,Autumn,Night,Urban,False,False,0
117,2025-11-27,22.94,66.97,1015.86,23.33,6.71,0.81,679.05,43.66,North,Autumn,Afternoon,Coastal,True,False,0
118,2025-05-29,21.57,100.0,1013.13,29.58,7.88,7.26,226.79,64.03,Coastal,Spring,Afternoon,Coastal,False,True,1
119,2025-03-25,19.78,87.55,1019.67,15.69,4.72,9.19,104.02,80.05,Coastal,Spring,Night,Rural,False,True,1
120,2025-06-15,13.93,95.01,1013.19,11.33,5.84,5.47,2321.85,63.89,Mountain,Spring,Evening,Rural,True,True,0
121,2025-07-27,41.19,80.06,1015.13,5.49,3.32,0.0,56.22,62.87,Coastal,Summer,Afternoon,Urban,False,False,1
122,2025-10-03,29.1,97.73,1002.19,12.6,2.68,8.41,20.62,64.82,Coastal,Autumn,Morning,Urban,False,False,1
123,2025-03-18,18.63,73.03,1009.5,5.41,2.5,2.36,370.32,54.78,North,Winter,Afternoon,Urban,False,True,0
124,2025-07-22,36.34,83.96,1013.66,20.56,6.49,4.04,152.98,81.96,South,Summer,Night,Urban,False,False,1
125,2025-11-27,6.83,100.0,997.79,20.45,4.09,9.23,2693.74,71.6,Mountain,Autumn,Afternoon,Rural,False,True,1
126,2025-04-25,23.43,95.61,993.48,6.54,6.21,4.83,102.41,72.42,Coastal,Spring,Afternoon,Urban,False,False,0
127,2025-12-05,25.15,71.63,1019.03,14.33,6.91,2.42,131.56,43.68,East,Autumn,Morning,Urban,True,False,0
128,2025-03-13,14.72,87.63,1025.83,14.6,3.86,2.51,234.4,60.58,East,Winter,Afternoon,Coastal,False,False,0
129,2025-10-13,23.82,73.11,1009.02,9.54,1.24,2.35,2426.6,48.34,Mountain,Autumn,Evening,Rural,False,False,0
130,2025-04-26,34.25,76.65,1001.78,20.97,4.63,6.53,385.84,63.09,South,Spring,Afternoon,Urban,True,False,0
131,2025-10-02,24.59,99.49,1008.24,8.92,6.08,6.79,85.89,58.68,Coastal,Autumn,Afternoon,Urban,False,False,0
132,2025-03-02,15.74,98.74,997.16,12.96,2.11,6.47,102.37,70.45,Coastal,Winter,Night,Urban,False,False,0
133,2025-09-12,34.87,71.11,1014.78,8.63,7.25,3.76,929.0,58.55,East,Summer,Afternoon,Urban,False,False,0
134,2025-04-28,21.48,91.85,1005.96,101.62,3.02,6.11,913.69,82.89,East,Spring,Night,Urban,False,False,1
135,2025-10-07,29.96,79.55,1012.3,12.94,9.89,4.74,799.55,54.4,East,Autumn,Morning,Urban,False,False,0
136,2025-07-11,29.28,63.64,1002.36,20.81,5.14,3.6,480.41,45.89,North,Summer,Evening,Urban,False,False,0
137,2025-08-09,33.21,88.67,1016.55,17.23,6.31,8.75,95.71,60.54,Coastal,Summer,Night,Urban,False,False,1
138,2025-02-11,26.49,85.91,1004.26,19.95,6.56,4.59,422.38,70.04,West,Winter,Night,Rural,False,False,1
139,2025-02-18,19.47,94.18,1021.69,10.38,3.95,6.02,147.48,63.55,Coastal,Winter,Evening,Coastal,False,True,0
140,2025-10-28,19.93,84.01,1001.84,19.48,4.87,1.99,323.54,70.17,North,Autumn,Evening,Urban,False,False,1
141,2025-02-10,18.8,88.56,1000.95,19.7,3.5,9.58,691.29,65.26,East,Winter,Evening,Urban,False,False,1
142,2025-08-10,34.3,74.09,1010.64,14.82,4.67,2.61,547.67,53.42,South,Summer,Afternoon,Rural,False,True,0
143,2025-06-07,26.18,82.38,1020.0,18.11,3.5,3.5,536.31,63.5,East,Spring,Morning,Rural,False,False,0
144,2025-10-14,15.44,96.49,1011.56,18.76,6.66,9.04,2091.73,69.92,Mountain,Autumn,Night,Urban,False,False,1
145,2025-05-07,17.39,97.83,1009.08,16.87,6.95,8.0,106.61,65.84,Coastal,Spring,Evening,Urban,False,False,0
146,2025-11-05,8.99,92.2,1018.86,30.98,3.53,6.23,2470.06,56.11,Mountain,Autumn,Afternoon,Urban,False,False,1
147,2025-10-16,29.46,82.07,1013.86,13.37,5.27,0.0,562.1,76.39,South,Autumn,Morning,Rural,False,False,0
148,2025-12-04,22.03,71.45,1017.48,6.23,7.67,0.0,297.28,69.35,North,Autumn,Night,Urban,False,False,0
149,2025-10-02,27.27,76.4,1014.13,23.18,7.25,6.41,118.2,52.33,West,Autumn,Night,Coastal,False,False,0
150,2025-09-23,26.55,76.56,1009.43,9.62,7.99,1.29,104.04,76.06,West,Autumn,Night,Urban,False,False,0
151,2025-03-14,13.68,99.47,1006.21,15.42,7.53,10.5,360.9,77.44,South,Winter,Morning,Rural,True,False,1
152,2025-05-05,20.37,75.29,1012.07,8.24,7.52,3.63,113.33,61.54,West,Spring,Night,Urban,False,False,0
153,2025-07-19,30.97,78.98,1010.29,4.27,3.32,1.15,217.8,55.19,North,Summer,Afternoon,Urban,False,False,0
154,2025-11-09,22.64,92.12,1017.36,12.01,5.78,4.37,51.8,79.95,East,Autumn,Afternoon,Urban,False,True,0
155,2025-03-14,15.39,85.35,1010.14,17.59,3.58,2.29,0.0,28.53,West,Winter,Afternoon,Urban,True,False,0
156,2025-01-05,17.55,91.83,1019.57,7.46,4.55,3.75,607.18,65.12,East,Winter,Afternoon,Urban,True,False,0
157,2025-05-21,25.69,95.67,1001.82,11.71,2.88,7.3,272.82,68.69,South,Spring,Evening,Urban,False,False,0
158,2025-12-01,24.39,86.54,1038.93,9.84,6.42,6.23,30.89,82.38,Coastal,Autumn,Afternoon,Urban,False,False,0
159,2025-11-09,26.52,81.78,1014.98,18.68,7.49,5.29,389.64,73.46,West,Autumn,Evening,Coastal,False,False,0
160,2025-02-18,13.05,81.53,1006.5,19.23,6.33,2.24,127.28,63.49,North,Winter,Evening,Rural,False,False,0
161,2025-10-23,21.3,75.93,1025.12,19.15,6.3,0.65,449.52,39.56,West,Autumn,Evening,Urban,False,False,0
162,2025-08-23,25.18,74.63,1001.23,15.88,4.33,7.33,357.17,48.21,West,Summer,Evening,Urban,False,False,0
163,2025-06-25,31.13,89.25,1003.89,7.2,10.38,6.21,110.17,76.3,Coastal,Summer,Night,Urban,False,True,1
164,2025-05-21,21.38,75.92,1016.28,9.83,3.94,6.12,562.03,54.89,North,Spring,Night,Rural,False,True,0
165,2025-03-09,12.08,84.04,1019.97,15.2,8.65,8.21,351.85,53.5,West,Winter,Afternoon,Urban,False,True,0
166,2025-03-10,28.46,76.43,1011.65,6.72,5.46,3.98,649.5,60.64,West,Winter,Night,Rural,False,False,0
167,2025-03-13,11.42,96.58,1018.73,14.73,6.13,9.09,134.8,80.04,Coastal,Winter,Evening,Rural,False,False,1
168,2025-09-18,30.09,74.01,1020.51,16.37,2.8,2.8,696.32,55.35,South,Summer,Morning,Urban,False,False,0
169,2025-03-09,20.05,82.18,1009.54,13.71,0.5,5.67,748.27,67.61,East,Winter,Morning,Urban,True,True,0
170,2025-09-14,24.66,88.0,1016.6,10.51,3.82,6.08,97.11,85.91,Coastal,Summer,Afternoon,Urban,False,False,0
171,2025-12-15,22.82,87.11,1018.32,13.89,5.81,11.1,706.74,76.88,West,Autumn,Morning,Urban,False,False,0
172,2025-03-25,31.88,78.23,1020.84,16.5,4.65,0.69,749.99,68.01,East,Spring,Morning,Rural,True,False,0
173,2025-02-02,26.64,81.88,1005.32,14.92,9.62,6.0,522.96,66.72,South,Winter,Morning,Coastal,False,True,0
174,2025-01-07,18.61,80.26,1015.0,22.77,9.42,6.25,202.43,74.68,South,Winter,Night,Urban,False,False,0
175,2025-02-09,24.02,86.73,1018.1,16.52,4.96,5.37,34.21,76.8,West,Winter,Evening,Rural,False,True,0
176,2025-06-05,26.42,93.83,1019.67,36.36,3.16,8.45,0.0,54.29,Coastal,Spring,Afternoon,Urban,False,True,1
177,2025-12-22,16.28,97.96,1005.24,6.29,5.23,6.34,43.77,72.01,Coastal,Winter,Night,Coastal,False,True,0
178,2025-09-24,25.62,92.01,1008.35,15.46,2.68,55.58,437.86,57.06,East,Autumn,Morning,Urban,False,False,1
179,2025-06-11,8.88,98.64,1009.14,21.94,5.19,14.24,2306.26,90.37,Mountain,Spring,Morning,Urban,False,False,1
180,2025-04-17,29.78,70.67,1017.49,23.04,8.15,0.86,818.04,45.73,East,Spring,Evening,Urban,False,False,0
181,2025-01-26,14.93,100.0,1019.59,17.39,1.63,9.62,80.05,87.47,Coastal,Winter,Afternoon,Urban,True,False,1
182,2025-12-18,28.6,71.85,1006.99,13.34,10.17,2.94,462.46,61.91,West,Autumn,Afternoon,Urban,False,False,0
183,2025-08-25,35.21,68.13,1013.2,6.72,5.42,2.73,117.92,67.65,North,Summer,Evening,Urban,False,True,0
184,2025-07-30,28.19,89.74,1013.61,10.74,7.03,3.08,10.24,66.17,Coastal,Summer,Morning,Coastal,False,False,0
185,2025-09-06,29.56,79.63,1013.62,15.94,5.58,3.51,525.56,51.37,South,Summer,Night,Urban,False,False,0
186,2025-05-17,26.59,81.37,1002.66,15.99,1.04,0.0,124.02,40.71,West,Spring,Afternoon,Urban,False,False,0
187,2025-10-30,17.92,63.15,1006.51,10.25,9.37,6.89,664.2,40.69,North,Autumn,Evening,Urban,True,True,0
188,2025-06-19,16.34,88.16,1016.84,12.48,1.27,6.83,1469.89,79.71,Mountain,Spring,Afternoon,Rural,False,False,0
189,2025-07-11,27.17,85.26,1010.29,19.55,8.74,4.63,14.14,68.98,Coastal,Summer,Night,Rural,False,False,0
190,2025-04-25,13.14,100.0,1006.33,15.7,3.21,8.39,82.7,71.9,Coastal,Spring,Morning,Urban,False,False,1
191,2025-11-24,27.79,76.4,1013.86,9.89,7.61,2.74,530.98,53.4,West,Autumn,Evening,Urban,False,False,0
192,2025-01-01,16.75,73.1,1016.98,17.16,8.08,4.18,292.7,41.2,North,Winter,Afternoon,Urban,True,False,0
193,2025-06-13,31.98,84.92,1016.66,12.69,10.07,59.32,674.89,63.32,South,Spring,Night,Rural,False,False,1
194,2025-06-19,24.34,88.43,1023.35,13.58,2.41,5.5,652.36,66.4,South,Spring,Night,Urban,False,False,0
195,2025-12-05,22.53,80.65,1016.43,22.9,7.89,3.95,777.81,71.48,West,Autumn,Night,Urban,False,True,0
196,2025-07-09,33.04,87.77,1015.42,14.26,9.4,4.26,393.79,63.63,South,Summer,Evening,Rural,False,False,0
197,2025-02-01,18.39,90.5,999.46,12.77,1.43,6.93,59.95,68.88,Coastal,Winter,Morning,Urban,False,False,0
198,2025-08-18,23.13,95.64,1011.02,16.97,4.09,0.81,795.23,37.66,North,Summer,Afternoon,Rural,False,False,0
199,2025-02-04,8.46,80.52,1019.03,8.95,6.49,3.58,348.0,46.91,North,Winter,Night,Urban,True,False,0
200,2025-02-24,10.94,90.11,1016.6,10.04,5.23,3.84,580.49,52.96,West,Winter,Morning,Urban,False,False,0
201,2025-07-25,33.79,68.17,1015.41,23.55,10.06,0.0,907.31,51.42,North,Summer,Evening,Urban,False,False,0
202,2025-06-03,3.47,80.58,1018.34,13.89,8.07,3.0,1569.95,63.84,Mountain,Spring,Night,Rural,False,False,0
203,2025-03-23,22.6,70.35,1016.01,6.65,5.74,0.8,568.47,46.28,North,Spring,Morning,Urban,False,False,0
204,2025-09-16,27.78,94.27,1008.02,16.09,7.49,1.09,661.15,55.87,East,Summer,Evening,Urban,False,False,1
205,2025-05-26,34.27,76.19,1014.93,10.2,6.66,4.63,547.49,70.93,North,Spring,Morning,Coastal,False,False,0
206,2025-01-05,19.47,73.62,1003.64,11.9,3.42,1.53,974.58,60.3,South,Winter,Afternoon,Urban,False,False,0
207,2025-02-22,29.33,74.13,1018.94,7.61,5.26,1.18,335.19,43.4,North,Winter,Evening,rural,False,False,0
208,2025-06-02,36.65,73.75,1013.61,25.19,7.31,3.87,213.5,52.52,South,Spring,Morning,Rural,False,False,0
209,2025-07-18,15.55,87.1,1015.96,10.13,5.11,1.56,43.32,54.74,Coastal,Summer,Evening,Urban,False,False,0
210,2025-03-07,13.56,97.91,1003.88,28.44,1.95,11.32,37.01,76.82,Coastal,Winter,Evening,Urban,False,False,1
211,2025-08-26,20.15,98.92,998.11,8.88,8.99,10.09,0.0,75.7,Coastal,Summer,Night,Urban,False,False,0
212,2025-10-19,36.94,92.66,1012.71,18.07,4.22,8.77,101.86,79.3,Coastal,Autumn,Morning,Urban,False,False,1
213,2025-03-23,26.2,82.62,1006.18,9.21,1.83,7.94,398.48,64.91,East,Spring,Afternoon,Rural,False,False,0
214,2025-01-03,11.24,85.42,1024.24,13.27,6.64,2.54,672.64,71.93,West,Winter,Evening,Coastal,False,False,0
215,2025-08-11,36.04,89.0,1018.64,12.03,7.46,11.39,124.25,64.21,Coastal,Summer,Afternoon,Urban,False,True,1
216,2025-12-31,18.89,95.82,977.37,15.6,7.58,15.12,693.17,68.15,West,Winter,Morning,Urban,True,False,1
217,2025-05-10,30.85,92.37,1009.01,11.88,3.89,3.37,407.3,81.56,East,Spring,Afternoon,Urban,False,False,1
218,2025-09-12,30.98,83.16,1018.81,10.87,5.8,3.83,249.71,72.95,South,Summer,Afternoon,Rural,False,False,0
219,2025-02-15,12.17,79.97,1015.6,16.7,2.74,3.67,2078.25,63.8,Mountain,Winter,Afternoon,Urban,False,False,0
220,2025-05-29,29.12,81.02,1007.13,23.42,8.21,4.73,427.83,69.78,East,Spring,Evening,Urban,False,False,0
221,2025-02-17,15.51,93.29,1006.74,19.55,6.66,3.72,190.78,70.27,East,Winter,Afternoon,Urban,False,True,1
222,2025-10-30,22.85,80.29,1010.63,6.64,4.08,0.0,129.25,69.56,East,Autumn,Afternoon,Urban,False,False,0
223,2025-02-02,15.63,98.42,1007.46,6.86,3.03,6.13,818.6,71.56,South,Winter,Evening,Urban,False,False,0
224,2025-12-06,26.63,83.39,1022.45,0.0,4.29,7.43,104.14,74.11,Coastal,Autumn,Night,Coastal,True,False,0
225,2025-05-23,25.35,85.9,1009.24,17.58,2.1,6.44,0.0,71.06,North,Spring,Night,Urban,False,False,0
226,2025-10-09,22.62,85.24,1018.64,11.27,4.7,3.2,441.09,51.21,North,Autumn,Evening,Rural,False,False,0
227,2025-11-14,23.91,73.13,1011.18,14.85,6.31,2.24,232.61,64.86,West,Autumn,Evening,Urban,False,False,0
228,2025-07-29,26.13,72.18,1011.37,19.4,5.41,0.0,566.24,50.98,North,Summer,Night,Urban,False,False,0
229,2025-08-19,26.48,81.07,1014.37,14.56,5.74,0.96,147.5,64.24,East,Summer,Afternoon,Rural,False,False,0
230,2025-06-14,30.88,68.89,1027.41,22.5,4.6,0.81,1086.47,60.76,East,Spring,Afternoon,Urban,False,False,0
231,2025-12-26,14.49,94.41,1008.31,14.37,6.03,10.88,231.43,52.09,West,Winter,Afternoon,Coastal,False,False,0
232,2025-03-01,15.79,89.74,1009.69,24.22,3.99,3.98,0.0,46.38,Coastal,Winter,Night,Rural,False,True,0
233,2025-12-10,20.97,90.18,1023.75,14.47,5.89,6.83,486.17,61.4,North,Autumn,Morning,Urban,False,False,0
234,2025-11-28,18.69,82.94,1025.85,16.33,4.21,1.68,0.0,41.41,West,Autumn,Evening,Coastal,True,False,0
235,2025-08-15,38.3,82.4,1006.61,6.74,3.59,3.11,101.11,35.26,Coastal,Summer,Evening,Urban,False,True,0
236,2025-01-21,14.91,87.23,1012.08,11.2,4.98,3.43,793.89,67.6,East,Winter,Evening,Rural,False,False,0
237,2025-06-04,21.35,84.89,1014.81,9.86,6.18,6.33,719.75,68.9,East,Spring,Night,Urban,False,False,0
238,2025-05-31,22.57,85.39,1004.87,26.21,5.18,5.86,446.07,58.82,South,Spring,Afternoon,Coastal,False,False,0
239,2025-02-28,12.66,90.28,1024.22,9.53,3.11,9.13,379.47,70.11,East,Winter,Afternoon,Urban,True,True,0
240,2025-11-17,20.32,72.47,1003.67,18.16,4.71,4.84,638.7,46.35,North,Autumn,Night,Rural,False,False,0
241,2025-08-24,33.08,91.16,1015.46,19.6,8.56,8.53,123.37,64.04,Coastal,Summer,Night,Rural,False,True,1
242,2025-11-13,15.97,80.16,1011.65,17.88,4.34,1.98,446.31,53.25,North,Autumn,Evening,Rural,False,False,0
243,2025-08-31,31.72,84.52,1017.47,3.79,5.41,7.85,294.76,84.33,North,Summer,Evening,Coastal,True,False,0
244,2025-07-21,34.25,80.63,1011.81,14.51,1.66,2.58,664.35,51.92,West,Summer,Afternoon,Urban,False,False,0
245,2025-12-10,29.43,81.21,1034.23,6.74,3.81,4.6,75.28,64.15,Coastal,Autumn,Morning,Urban,False,False,0
246,2025-05-26,33.41,80.32,1010.19,6.72,7.16,2.5,761.13,50.23,West,Spring,Evening,Coastal,False,False,0
247,2025-12-31,6.31,100.0,1020.16,23.49,6.17,6.7,53.05,81.64,Coastal,Winter,Morning,Urban,False,False,1
248,2025-05-15,22.66,87.31,1005.3,24.28,2.79,2.78,12.66,49.05,Coastal,Spring,Afternoon,Coastal,False,False,1
249,2025-08-30,36.27,79.7,1021.07,85.89,6.9,2.57,341.08,58.51,West,Summer,Evening,Urban,False,False,1
250,2025-09-21,14.88,85.59,1021.08,3.9,4.51,7.15,772.44,67.51,North,Autumn,Night,Urban,False,False,0
251,2025-09-23,11.01,95.48,1010.8,16.36,6.85,7.09,1643.43,60.31,Mountain,Autumn,Evening,Rural,False,False,0
252,2025-12-01,30.11,96.55,1015.31,20.12,4.64,3.92,131.41,61.31,Coastal,Autumn,Morning,Urban,False,True,1
253,2025-11-26,27.89,86.17,1003.09,8.48,4.82,2.8,390.77,67.6,South,Autumn,Night,Urban,False,False,0
254,2025-10-31,24.18,75.16,1012.65,12.38,6.07,2.65,607.31,68.37,North,Autumn,Morning,Coastal,False,False,0
255,2025-04-21,37.04,80.09,1020.11,24.53,2.75,1.67,517.86,52.69,East,Spring,Evening,Urban,False,False,1
256,2025-03-09,13.82,85.27,1026.74,8.76,5.9,5.47,540.83,50.21,North,Winter,Morning,Coastal,False,False,0
257,2025-12-04,13.79,73.25,1023.85,7.81,5.22,0.0,398.87,54.91,North,Autumn,Night,Urban,False,False,0
258,2025-12-23,22.98,75.27,1016.5,15.53,1.87,5.8,619.71,49.37,West,Winter,Morning,Rural,False,False,0
259,2025-01-04,19.75,100.0,1009.81,17.74,2.42,9.9,428.01,88.82,East,Winter,Evening,Rural,False,False,1
260,2025-04-02,32.68,77.65,1012.13,12.49,7.95,2.16,57.96,65.88,East,Spring,Afternoon,Urban,False,False,0
261,2025-07-25,33.38,81.21,1012.81,12.9,3.84,6.36,111.18,43.79,Coastal,Summer,Night,Coastal,False,True,0
262,2025-07-16,25.21,74.76,1020.09,10.67,11.47,6.6,2074.0,62.08,Mountain,Summer,Morning,Urban,False,False,0
263,2025-01-18,7.5,100.0,1004.75,10.25,3.23,10.92,101.06,76.27,Coastal,Winter,Evening,Rural,False,False,1
264,2025-02-05,4.58,81.62,1010.25,7.34,5.26,1.31,2476.98,63.16,Mountain,Winter,Night,Coastal,False,False,0
265,2025-02-24,12.99,84.43,1019.76,19.78,5.44,8.17,501.08,57.16,West,Winter,Night,Coastal,False,False,0
266,2025-08-24,16.99,100.0,1006.48,15.91,6.83,8.76,45.75,70.52,Coastal,Summer,Night,Coastal,False,True,1
267,2025-05-08,20.64,93.01,1008.16,22.03,5.76,9.0,514.06,83.82,South,Spring,Afternoon,Coastal,False,False,1
268,2025-05-16,28.02,84.34,1018.61,12.38,5.08,9.16,799.24,58.21,South,Spring,Morning,Rural,False,True,0
269,2025-11-14,35.1,70.98,1009.33,11.71,8.02,5.66,198.8,52.95,South,Autumn,Afternoon,Urban,False,False,0
270,2025-12-18,21.35,92.37,1014.0,10.4,5.3,10.18,83.96,67.74,Coastal,Autumn,Evening,Rural,False,False,0
271,2025-08-30,21.06,88.64,1006.8,18.17,5.42,3.55,1400.4,71.82,Mountain,Summer,Afternoon,Coastal,False,False,0
272,2025-07-15,24.24,88.04,1002.41,14.42,5.63,4.46,513.6,76.45,South,Summer,Evening,Rural,False,False,0
273,2025-07-23,31.98,77.18,1013.61,25.84,8.44,6.06,435.5,67.73,North,Summer,Evening,Urban,False,False,0
274,2025-11-29,18.22,87.77,1024.18,9.72,8.15,1.33,482.05,71.32,West,Autumn,Evening,Urban,False,False,0
275,2025-06-22,27.74,80.29,1016.15,13.28,5.09,5.7,224.72,47.47,East,Summer,Night,Urban,False,False,0
276,2025-07-31,35.54,73.61,1011.31,14.53,7.89,2.32,34.19,56.51,North,Summer,Morning,Urban,False,False,0
277,2025-07-23,35.58,74.31,1011.98,12.44,8.22,1.51,502.9,70.4,West,Summer,Night,Rural,False,False,0
278,2025-06-16,26.45,79.63,1016.72,21.51,4.76,8.1,171.4,48.02,Coastal,Spring,Night,Rural,False,False,0
279,2025-11-24,30.3,72.42,1014.69,16.57,5.62,4.7,470.34,55.47,West,Autumn,Afternoon,Urban,False,True,0
280,2025-01-05,9.73,100.0,1003.59,18.39,2.35,10.38,175.8,69.67,Coastal,Winter,Night,Rural,False,True,1
281,2025-09-22,31.43,84.44,1011.25,10.45,5.78,0.15,0.0,71.07,Coastal,Autumn,Afternoon,Urban,False,False,0
282,2025-06-14,26.5,83.72,1016.23,15.99,6.61,4.28,843.35,61.16,North,Spring,Afternoon,Urban,False,False,0
283,2025-09-13,13.51,91.12,1006.62,25.61,5.61,6.52,1827.79,64.74,Mountain,Summer,Night,Urban,False,True,1
284,2025-05-08,26.59,90.64,1012.34,19.45,5.19,6.32,339.41,64.66,East,Spring,Night,Rural,False,False,1
285,2025-01-22,13.33,98.31,1006.84,16.66,4.51,8.62,12.73,51.35,Coastal,Winter,Afternoon,rural,False,True,0
286,2025-01-05,10.74,80.2,1008.56,13.3,4.98,4.12,1462.58,44.38,Mountain,Winter,Evening,Coastal,False,False,0
287,2025-11-27,19.45,77.89,1007.83,14.83,3.44,2.14,147.34,74.31,North,Autumn,Afternoon,Urban,False,False,0
288,2025-10-14,27.56,81.51,1009.42,16.87,7.55,4.09,250.59,71.38,South,Autumn,Afternoon,Urban,False,False,0
289,2025-07-07,33.06,74.32,1012.65,1.78,5.45,0.5,289.92,47.71,East,Summer,Morning,Rural,False,False,0
290,2025-11-10,25.03,78.93,1017.18,21.75,7.46,9.61,610.03,62.25,South,Autumn,Morning,Urban,False,False,0
291,2025-12-03,18.77,82.38,1018.37,16.08,5.76,4.07,771.08,54.2,East,Autumn,Morning,Urban,False,False,0
292,2025-12-29,3.44,79.48,1008.07,13.44,2.32,5.26,532.01,55.01,North,Winter,Afternoon,Urban,False,False,0
293,2025-11-17,8.44,87.39,1013.06,4.96,3.34,3.39,1660.49,54.36,Mountain,Autumn,Morning,Urban,False,False,0
294,2025-08-15,25.75,90.05,1008.11,26.98,4.89,3.57,2133.56,70.51,Mountain,Summer,Afternoon,Rural,False,False,1
295,2025-05-11,12.67,96.93,1014.64,15.96,4.95,8.1,797.39,89.21,East,Spring,Morning,Urban,False,False,1
296,2025-05-22,18.39,77.04,1013.33,11.96,5.9,1.72,1864.61,54.27,Mountain,Spring,Afternoon,Urban,False,False,0
297,2025-04-22,23.39,82.62,1019.74,24.73,4.5,1.82,136.24,52.94,Coastal,Spring,Evening,Urban,False,False,0
298,2025-08-11,19.8,98.02,1002.28,17.31,7.79,7.65,427.27,75.7,East,Summer,Evening,Urban,False,False,1
299,2025-12-24,27.47,86.58,1007.46,19.19,3.51,3.85,486.09,72.21,South,Winter,Night,Urban,False,False,0
300,2025-07-24,25.07,86.67,1009.74,20.22,7.34,1.95,477.69,67.88,East,Summer,Afternoon,Urban,False,False,0
301,2025-10-22,19.27,72.25,1010.7,18.28,5.93,2.02,199.74,80.83,North,Autumn,Night,Rural,False,False,0
302,2025-02-13,23.32,92.99,1018.76,26.47,3.04,7.39,412.4,68.6,North,Winter,Night,Urban,False,False,1
303,2025-10-07,24.66,87.33,1012.87,11.9,5.6,4.93,130.06,57.75,West,Autumn,Morning,Urban,True,False,0
304,2025-01-05,10.87,77.0,1005.25,19.2,5.01,5.03,580.43,65.05,North,Winter,Night,Urban,False,False,0
305,2025-11-02,27.52,85.62,998.03,18.63,7.04,5.53,228.61,62.48,West,Autumn,Night,Rural,True,False,0
306,2025-09-14,37.68,83.44,1015.65,0.0,12.22,10.05,413.66,71.39,South,Summer,Evening,Coastal,False,True,0
307,2025-12-14,22.22,76.84,1014.23,17.8,10.37,2.31,300.67,67.34,West,Autumn,Afternoon,Rural,False,False,0
308,2025-09-26,17.87,72.49,1020.77,15.1,3.51,0.91,1695.41,63.84,Mountain,Autumn,Morning,Urban,False,False,0
309,2025-06-13,20.14,100.0,997.32,21.1,8.32,4.95,67.06,91.41,Coastal,Spring,Morning,Urban,True,False,1
310,2025-11-02,20.97,83.43,1007.49,12.29,3.81,1.14,445.03,58.3,South,Autumn,Night,Urban,False,False,0
311,2025-01-08,11.71,87.6,1011.11,11.65,6.07,6.94,2264.58,63.17,Mountain,Winter,Night,Rural,False,False,0
312,2025-07-14,35.18,76.53,1024.23,7.63,5.4,0.38,19.44,59.95,Coastal,Summer,Night,Rural,True,False,0
313,2025-07-22,28.28,83.37,1015.3,0.0,7.21,6.54,2379.93,51.52,Mountain,Summer,Evening,Urban,False,False,0
314,2025-11-27,26.23,85.01,1010.12,17.54,0.99,4.66,322.85,53.93,East,Autumn,Afternoon,Urban,False,False,0
315,2025-02-16,14.71,74.53,1017.34,5.02,7.4,3.16,224.49,58.05,South,Winter,Night,Rural,False,False,0
316,2025-03-29,22.87,74.69,1010.01,21.28,9.3,4.69,2440.33,48.36,Mountain,Spring,Night,Urban,False,False,0
317,2025-01-02,17.88,90.11,1018.58,9.48,9.8,6.09,475.36,80.91,West,Winter,Night,Urban,False,False,0
318,2025-11-18,25.47,79.95,1011.83,19.81,8.15,8.85,562.12,52.04,West,Autumn,Evening,Urban,False,True,0
319,2025-03-24,18.54,90.16,1003.0,9.48,6.63,8.39,0.0,57.67,Coastal,Spring,Morning,Rural,False,False,0
320,2025-02-03,10.62,97.78,1020.8,14.9,7.45,4.0,390.51,68.53,South,Winter,Morning,Urban,False,False,0
321,2025-05-28,28.46,80.16,1005.08,10.8,8.64,2.24,46.01,59.09,East,Spring,Night,Urban,False,False,0
322,2025-01-13,2.2,99.72,1001.66,18.37,7.45,7.72,488.99,64.66,East,Winter,Afternoon,Urban,False,False,1
323,2025-06-07,19.07,83.13,1018.37,18.39,3.63,6.69,907.48,58.18,South,Spring,Afternoon,Urban,False,False,0
324,2025-09-04,25.06,62.54,1018.28,18.51,5.46,2.45,0.0,57.52,North,Summer,Evening,Rural,True,False,0
325,2025-07-01,36.23,81.92,1010.08,19.68,4.53,4.19,323.18,56.89,North,Summer,Morning,Coastal,False,False,1
326,2025-09-12,32.28,81.77,1023.2,12.36,8.32,5.28,123.14,67.78,Coastal,Summer,Morning,Urban,True,False,0
327,2025-04-08,16.87,89.29,1010.94,20.31,5.39,5.03,749.38,65.21,South,Spring,Afternoon,Urban,True,False,0
328,2025-01-23,13.95,96.64,1011.13,14.13,5.25,3.89,70.54,66.31,Coastal,Winter,Evening,Rural,False,True,1
329,2025-09-30,23.43,86.12,1016.74,18.96,8.29,5.74,280.59,63.99,South,Autumn,Evening,Urban,False,False,0
330,2025-06-09,20.22,77.29,1020.4,19.01,7.63,2.93,344.42,66.91,West,Spring,Afternoon,Rural,False,False,0
331,2025-08-17,29.12,89.22,1010.84,6.63,0.55,4.19,460.1,54.94,West,Summer,Afternoon,Urban,False,False,0
332,2025-08-27,34.72,85.46,1012.21,18.71,4.61,4.21,570.38,71.2,East,Summer,Evening,Urban,True,False,1
333,2025-08-25,29.97,98.26,1005.27,12.83,2.46,10.04,129.87,83.2,Coastal,Summer,Morning,Rural,False,False,1
334,2025-09-04,35.96,74.29,1024.95,5.3,4.81,0.0,623.8,46.43,East,Summer,Morning,Rural,False,False,0
335,2025-11-02,14.39,86.51,1021.23,28.53,5.97,6.38,618.25,49.36,East,Autumn,Night,Urban,False,True,1
336,2025-11-22,25.95,94.18,1002.66,10.97,5.86,4.82,43.85,75.62,Coastal,Autumn,Evening,Rural,False,False,0
337,2025-08-11,45.0,74.32,1005.79,10.05,2.64,2.13,90.78,51.6,Coastal,Summer,Morning,Urban,False,False,1
338,2025-08-10,33.85,85.35,1017.26,10.67,7.2,1.37,59.39,55.69,Coastal,Summer,Night,Rural,False,False,0
339,2025-12-10,29.93,74.67,1023.11,23.98,2.96,0.0,539.33,57.85,North,Autumn,Night,Coastal,False,False,0
340,2025-08-06,29.74,70.78,1016.38,17.07,8.93,0.0,222.22,51.94,West,Summer,Night,Coastal,False,True,0
341,2025-09-05,35.78,94.54,1011.51,12.67,4.62,0.0,166.41,66.29,Coastal,Summer,Night,Urban,False,False,1
342,2025-12-09,29.76,65.65,1005.34,12.7,7.49,0.0,811.24,35.51,North,Autumn,Night,Rural,False,False,0
343,2025-05-31,40.14,80.82,1013.71,5.0,5.7,3.33,300.0,60.71,South,Spring,Morning,Rural,False,False,1
344,2025-02-09,17.08,97.06,1016.45,13.67,8.99,8.81,82.17,79.96,Coastal,Winter,Afternoon,Rural,False,True,1
345,2025-05-01,29.34,70.93,1012.72,15.98,9.32,6.55,615.77,63.66,East,Spring,Night,Rural,False,False,0
346,2025-06-26,27.12,74.03,1027.06,20.46,6.83,0.0,492.3,74.73,North,Summer,Afternoon,Urban,False,False,0
347,2025-08-11,35.39,68.1,1006.75,0.0,7.02,0.02,759.56,42.0,North,Summer,Night,Rural,False,False,0
348,2025-10-27,33.82,83.87,1002.05,14.12,3.17,5.48,663.38,60.54,East,Autumn,Morning,Rural,False,True,1
349,2025-02-23,10.74,100.0,1012.58,17.78,4.29,7.83,0.0,63.71,Coastal,Winter,Afternoon,Coastal,False,False,1
350,2025-12-03,30.42,84.16,1003.44,16.09,6.62,5.7,118.26,61.04,Coastal,Autumn,Night,Coastal,False,False,1
351,2025-06-15,28.85,76.88,1020.4,16.62,7.65,3.23,510.16,51.03,South,Spring,Morning,Urban,False,False,0
352,2025-08-09,39.77,67.91,1002.41,13.03,5.83,4.08,593.93,50.69,South,Summer,Night,Urban,False,False,0
353,2025-05-17,21.36,83.9,1024.54,15.13,6.08,1.94,118.01,70.44,North,Spring,Morning,Urban,True,False,0
354,2025-07-03,28.26,81.92,1015.92,23.41,5.5,1.41,816.72,49.33,South,Summer,Evening,Rural,False,True,0
355,2025-04-08,25.99,85.83,1010.42,8.64,7.55,3.16,475.03,65.72,South,Spring,Morning,Rural,False,False,0
356,2025-10-01,17.64,93.37,996.11,21.1,5.21,4.99,2412.57,63.75,Mountain,Autumn,Night,Coastal,False,False,1
357,2025-04-30,19.96,86.31,1008.93,9.53,6.4,4.69,1728.3,59.21,Mountain,Spring,Afternoon,Rural,False,False,0
358,2025-02-02,20.34,100.0,981.67,17.49,3.46,9.28,30.35,86.88,Coastal,Winter,Night,Urban,False,False,1
359,2025-04-20,20.85,92.52,1015.85,17.88,2.54,8.73,29.26,67.01,Coastal,Spring,Morning,Urban,False,False,0
360,2025-02-11,17.26,80.93,1016.48,7.42,2.85,0.0,677.98,60.44,North,Winter,Afternoon,Urban,False,False,0
361,2025-03-31,30.37,77.77,996.78,14.43,3.71,0.26,436.2,56.89,West,Spring,Afternoon,Urban,False,False,0
362,2025-09-17,26.55,84.76,1003.33,14.33,7.06,6.02,86.06,74.86,South,Summer,Afternoon,Urban,False,True,0
363,2025-04-18,20.97,98.89,1012.78,14.33,4.71,2.35,646.97,87.93,East,Spring,Night,Urban,True,False,1
364,2025-12-13,25.46,94.37,1016.29,16.36,6.61,5.69,97.43,73.54,Coastal,Autumn,Night,Urban,False,True,1
365,2025-04-02,31.74,91.56,1000.23,3.47,6.13,7.23,418.86,65.89,East,Spring,Afternoon,Urban,False,False,0
366,2025-03-22,21.13,89.66,1005.88,23.04,9.79,7.0,63.2,74.92,Coastal,Spring,Afternoon,Rural,False,False,1
367,2025-05-07,24.43,86.4,1028.62,8.73,9.56,2.3,384.62,64.73,South,Spring,Night,Rural,False,False,0
368,2025-02-20,23.17,87.5,1022.28,24.9,5.44,7.22,408.72,62.15,East,Winter,Morning,Urban,False,True,1
369,2025-10-20,28.99,93.53,1014.94,3.58,2.79,8.89,41.65,79.47,Coastal,Autumn,Morning,Coastal,True,False,0
370,2025-05-19,26.23,86.63,1007.45,17.56,8.46,3.82,48.95,75.04,Coastal,Spring,Evening,Coastal,False,False,0
371,2025-07-07,26.87,76.54,1002.81,10.47,7.54,4.68,99.38,53.65,East,Summer,Afternoon,Rural,False,False,0
372,2025-01-28,11.11,77.85,1020.6,11.4,6.09,2.34,85.41,48.97,North,Winter,Evening,Rural,False,False,0
373,2025-02-03,20.75,84.07,1010.16,17.31,6.46,4.63,512.19,66.8,South,Winter,Afternoon,Urban,False,False,0
374,2025-10-05,11.71,81.92,1014.88,14.66,5.49,4.51,1888.12,67.1,Mountain,Autumn,Evening,Urban,False,False,0
375,2025-10-31,16.19,96.45,1004.07,17.94,6.35,6.36,88.76,65.35,Coastal,Autumn,Evening,Coastal,False,True,1
376,2025-03-24,29.84,87.84,1031.7,20.13,2.76,5.11,55.03,65.76,Coastal,Spring,Evening,Rural,False,False,1
377,2025-12-29,12.94,87.44,1007.27,20.55,6.25,7.57,673.42,61.48,North,Winter,Night,Rural,False,False,0
378,2025-09-17,45.0,72.96,1006.6,10.47,11.22,5.41,410.49,62.74,South,Summer,Night,Urban,False,False,1
379,2025-12-14,23.01,86.67,1017.51,9.65,6.41,5.62,241.22,54.66,West,Autumn,Afternoon,Rural,False,False,0
380,2025-02-14,13.37,81.98,1018.69,9.03,4.68,7.58,2030.11,49.74,Mountain,Winter,Night,Urban,False,False,0
381,2025-08-17,38.56,93.95,992.37,22.17,5.49,5.31,125.46,45.11,Coastal,Summer,Night,Rural,False,False,1
382,2025-09-26,13.23,100.0,1019.77,16.3,3.99,3.68,2337.49,62.71,Mountain,Autumn,Afternoon,Urban,False,False,1
383,2025-06-04,22.66,100.0,1011.01,16.52,6.4,8.39,171.2,70.6,Coastal,Spring,Night,Urban,False,False,1
384,2025-01-15,25.82,71.95,1036.47,23.02,7.47,0.0,292.59,61.32,North,Winter,Night,Coastal,False,False,0
385,2025-01-09,16.99,99.83,1006.52,27.34,5.2,9.88,72.6,86.65,Coastal,Winter,Evening,Urban,False,False,1
386,2025-02-18,19.68,84.62,1018.88,10.29,9.47,5.34,260.72,60.28,West,Winter,Evening,Rural,True,False,0
387,2025-09-06,34.88,79.71,1015.48,21.53,7.5,0.22,93.24,51.98,East,Summer,Morning,Urban,False,True,1
388,2025-12-20,24.76,92.27,999.65,7.25,3.68,4.14,779.34,86.36,East,Autumn,Afternoon,Urban,False,False,0
389,2025-04-18,31.42,78.35,1014.5,12.11,6.73,0.0,565.18,57.67,North,Spring,Morning,Urban,False,True,0
390,2025-03-05,8.75,94.63,1027.4,18.0,6.78,11.31,2269.89,95.99,Mountain,Winter,Evening,Urban,False,False,1
391,2025-09-16,38.87,78.27,1018.78,14.83,6.69,5.41,702.93,51.6,West,Summer,Morning,Coastal,False,False,0
392,2025-12-11,16.35,89.8,1019.16,12.35,6.52,6.12,2018.03,72.53,Mountain,Autumn,Morning,Urban,False,False,0
393,2025-01-21,9.58,83.36,1002.59,17.49,4.24,0.31,488.61,70.27,North,Winter,Night,Urban,True,False,0
394,2025-12-12,25.26,91.97,1017.69,14.18,4.67,8.07,648.27,65.94,East,Autumn,Afternoon,Urban,False,False,0
395,2025-07-26,34.65,62.24,1012.89,22.51,5.29,0.0,538.23,30.88,North,Summer,Night,Urban,False,False,0
396,2025-08-21,29.48,74.1,1022.36,11.9,5.67,3.14,498.26,68.46,North,Summer,Afternoon,Urban,False,True,0
397,2025-02-19,12.47,92.6,1005.21,15.94,4.63,9.53,17.5,70.58,Coastal,Winter,Morning,Coastal,True,False,1
398,2025-07-12,29.24,88.5,1014.27,9.66,2.82,6.68,350.79,58.87,East,Summer,Night,Urban,False,False,0
399,2025-12-17,18.06,83.97,1014.88,16.61,5.49,8.17,179.79,74.57,West,Autumn,Evening,Urban,True,True,0
400,2025-01-14,11.65,95.32,1008.03,0.0,8.47,5.95,88.96,71.57,Coastal,Winter,Evening,Rural,False,True,0
401,2025-06-22,28.53,74.1,1010.14,8.87,4.49,2.11,729.27,55.74,North,Summer,Morning,Coastal,False,False,0
402,2025-12-12,21.6,72.9,1014.49,12.23,5.45,0.21,1078.57,56.82,South,Autumn,Morning,Rural,False,False,0
403,2025-10-21,25.37,97.39,1024.06,22.31,6.25,9.29,859.81,81.67,East,Autumn,Night,Urban,False,True,1
404,2025-12-06,19.17,83.97,1020.32,10.25,4.42,4.72,292.77,78.06,West,Autumn,Afternoon,urban,False,False,0
405,2025-08-28,27.52,73.31,1023.38,3.62,9.78,0.37,605.61,55.41,South,Summer,Night,Urban,False,False,0
406,2025-02-02,23.59,82.91,1009.08,14.01,7.03,3.79,280.76,61.82,West,Winter,Morning,Urban,False,False,0
407,2025-08-12,35.06,78.99,1013.62,15.96,6.41,1.76,108.64,53.17,East,Summer,Morning,Coastal,False,True,0
408,2025-02-02,6.22,86.05,1017.11,13.65,4.99,8.94,1547.5,69.07,Mountain,Winter,Morning,Urban,False,False,1
409,2025-05-09,32.28,87.96,1014.2,10.09,7.38,1.9,591.84,48.69,East,Spring,Night,Urban,False,False,0
410,2025-01-29,22.57,75.2,1026.17,11.66,8.32,0.07,0.0,71.26,East,Winter,Evening,Urban,False,False,0
411,2025-11-07,21.35,65.28,1029.4,17.94,5.97,0.0,182.78,56.46,North,Autumn,Evening,Coastal,False,False,0
412,2025-07-21,28.92,86.54,1010.49,24.41,3.95,4.26,2652.12,69.97,Mountain,Summer,Evening,Coastal,False,False,0
413,2025-02-11,21.78,92.71,1001.57,21.6,4.2,1.95,119.84,50.77,Coastal,Winter,Evening,Urban,False,False,0
414,2025-01-15,7.71,99.12,1009.19,8.08,6.22,9.5,80.65,71.16,Coastal,Winter,Morning,Urban,False,False,1
415,2025-03-08,12.17,88.51,1009.92,21.49,5.13,4.1,44.15,48.27,Coastal,Winter,Evening,Urban,False,True,0
416,2025-04-25,14.72,89.63,1014.51,12.07,4.65,8.26,597.74,66.81,North,Spring,Morning,Urban,False,False,0
417,2025-07-08,29.15,73.8,1002.27,12.43,9.82,0.39,271.86,53.57,North,Summer,Afternoon,Urban,False,False,0
418,2025-04-16,33.24,81.15,1013.56,11.93,4.19,2.85,526.34,57.76,West,Spring,Night,Coastal,False,False,0
419,2025-01-06,27.29,71.42,1010.45,16.4,4.85,3.82,370.22,50.91,East,Winter,Morning,Urban,False,False,0
420,2025-11-03,28.95,92.64,1012.37,9.74,5.46,10.16,69.5,85.5,Coastal,Autumn,Morning,Rural,False,False,1
421,2025-08-28,27.22,83.0,1015.81,17.17,6.75,5.0,778.4,48.31,North,Summer,Evening,Coastal,False,False,0
422,2025-06-10,19.93,94.25,1022.79,1.07,6.04,1.16,256.05,61.35,East,Spring,Afternoon,Urban,False,True,0
423,2025-12-28,25.71,95.73,1005.3,16.07,7.65,7.18,332.14,73.44,East,Winter,Afternoon,Urban,True,False,1
424,2025-05-20,30.03,74.38,1010.0,14.7,6.32,2.82,293.11,61.42,West,Spring,Night,Rural,False,True,0
425,2025-12-15,13.13,92.98,1017.89,18.92,7.31,7.41,374.93,59.25,North,Autumn,Evening,Rural,True,False,0
426,2025-10-19,10.78,90.77,1003.62,13.26,8.98,6.08,135.55,64.56,North,Autumn,Evening,Urban,False,False,0
427,2025-04-17,24.83,70.59,1014.53,5.11,8.6,3.43,37.29,59.84,North,Spring,Evening,Coastal,False,False,0
428,2025-08-17,33.99,81.2,1015.06,5.77,7.87,5.08,16.03,51.1,Coastal,Summer,Morning,Urban,False,False,0
429,2025-03-21,9.18,88.55,1020.08,18.68,8.54,8.07,1396.49,94.75,Mountain,Spring,Evening,Rural,False,False,1
430,2025-02-25,18.65,75.32,1018.15,12.19,2.77,0.72,711.6,54.77,West,Winter,Night,Urban,False,False,0
431,2025-12-27,13.83,85.16,1008.79,7.65,5.52,11.23,561.17,61.71,South,Winter,Afternoon,Urban,False,False,0
432,2025-07-22,24.8,80.0,1020.83,10.28,2.42,7.03,377.66,46.93,North,Summer,Evening,Rural,False,False,0
433,2025-02-14,17.67,79.75,1032.31,16.17,6.83,2.56,234.62,46.93,North,Winter,Night,Rural,False,False,0
434,2025-08-05,34.85,73.74,1017.65,9.56,1.63,0.0,538.3,47.33,North,Summer,Night,Urban,True,False,0
435,2025-08-01,30.4,82.33,1008.19,13.12,3.65,4.56,22.19,53.89,Coastal,Summer,Night,Urban,True,True,0
436,2025-11-28,20.78,79.99,1015.16,19.73,5.12,3.92,401.5,57.81,East,Autumn,Evening,Urban,False,False,0
437,2025-11-05,21.66,87.97,1021.65,8.8,4.21,7.06,147.79,61.26,Coastal,Autumn,Evening,Rural,False,False,0
438,2025-12-08,20.89,89.89,1016.82,4.75,6.04,8.4,347.85,69.72,East,Autumn,Morning,Urban,False,False,0
439,2025-09-15,35.38,74.37,1011.51,12.1,6.68,4.45,324.1,63.45,North,Summer,Morning,Rural,False,False,0
440,2025-02-23,7.09,100.0,1009.26,5.1,6.32,8.81,95.19,62.55,Coastal,Winter,Morning,Rural,True,True,0
441,2025-04-16,19.52,90.47,1005.41,18.0,5.2,5.19,1555.29,60.27,Mountain,Spring,Afternoon,Urban,False,False,0
442,2025-08-31,33.37,77.43,1013.86,7.4,8.85,0.66,733.93,65.75,South,Summer,Night,Rural,False,False,0
443,2025-08-23,14.72,86.7,1020.5,12.89,6.12,1.35,1630.11,62.62,Mountain,Summer,Evening,Urban,False,True,0
444,2025-11-25,25.5,58.7,1006.36,23.56,6.38,4.77,0.0,26.2,North,Autumn,Evening,Rural,False,False,0
445,2025-09-28,28.38,83.31,1004.55,5.01,4.25,1.78,234.95,64.06,West,Autumn,Night,Rural,False,True,0
446,2025-03-06,16.73,78.18,1012.68,9.28,6.2,1.35,749.11,77.69,West,Winter,Evening,Urban,False,False,0
447,2025-02-26,18.32,92.6,1009.45,15.46,5.48,0.74,18.17,71.13,Coastal,Winter,Morning,Urban,False,False,1
448,2025-11-18,22.51,98.13,1008.48,13.34,7.89,9.12,20.17,80.97,Coastal,Autumn,Afternoon,Urban,False,True,1
449,2025-08-21,27.53,62.25,983.79,14.24,8.75,0.0,223.57,48.0,North,Summer,Night,Rural,False,False,0
450,2025-08-14,37.44,99.3,1008.99,13.04,5.61,5.19,77.91,48.51,Coastal,Summer,Morning,Rural,False,True,1
451,2025-10-14,31.12,80.56,1010.78,16.3,5.4,3.76,587.54,67.61,East,Autumn,Evening,Urban,False,False,0
452,2025-06-06,30.72,94.35,1025.58,12.69,5.37,4.03,162.28,58.41,Coastal,Spring,Night,Coastal,False,False,1
453,2025-11-07,27.04,82.84,1014.39,5.95,8.12,7.41,746.35,70.43,North,Autumn,Night,Urban,False,False,0
454,2025-05-23,29.33,84.51,1005.34,5.34,4.58,3.66,140.61,71.61,West,Spring,Afternoon,Coastal,False,False,0
455,2025-09-25,14.41,91.17,1025.08,25.15,5.15,7.21,492.93,61.58,South,Autumn,Night,Urban,False,False,1
456,2025-06-24,28.61,72.59,1021.31,12.11,7.93,3.01,525.43,56.36,East,Summer,Evening,Rural,False,False,0
457,2025-01-31,17.41,84.03,1020.05,17.07,4.82,7.2,340.93,72.41,West,Winter,Morning,Urban,False,False,0
458,2025-02-28,25.53,80.21,1021.87,15.95,6.14,0.29,38.23,70.5,South,Winter,Morning,Urban,False,False,0
459,2025-07-28,35.69,74.56,1014.92,10.91,5.29,2.16,468.77,79.34,East,Summer,Night,Urban,False,False,0
460,2025-01-31,2.49,83.89,1014.62,18.04,4.01,2.77,2311.56,51.37,Mountain,Winter,Morning,Urban,False,True,1
461,2025-12-24,19.48,85.5,1012.1,21.31,1.58,1.34,292.51,75.93,North,Winter,Evening,Rural,False,False,1
462,2025-04-18,34.02,81.08,1013.0,11.59,3.38,6.84,453.66,73.63,East,Spring,Night,Rural,False,False,0
463,2025-02-11,14.69,96.52,1025.78,18.11,3.55,4.37,24.82,86.07,Coastal,Winter,Evening,Urban,False,False,1
464,2025-04-09,25.71,86.08,1014.81,12.46,10.19,4.46,534.58,57.55,East,Spring,Afternoon,Urban,False,False,0
465,2025-12-27,16.92,100.0,1015.64,10.77,6.84,5.76,16.7,75.07,Coastal,Winter,Afternoon,Urban,True,True,0
466,2025-09-25,30.13,89.77,1026.63,31.09,5.58,5.18,17.96,58.23,Coastal,Autumn,Morning,Coastal,False,False,1
467,2025-06-15,30.4,83.55,1010.25,8.79,3.88,7.66,582.85,58.84,East,Spring,Evening,Coastal,False,False,0
468,2025-01-13,11.12,91.03,1023.72,28.4,3.69,7.59,2179.96,81.89,Mountain,Winter,Morning,Urban,False,False,1
469,2025-06-21,31.11,99.33,1025.43,13.24,6.06,5.36,81.62,77.8,Coastal,Summer,Night,Rural,False,False,1
470,2025-06-10,26.0,89.44,1001.77,25.35,6.43,9.62,103.18,64.51,Coastal,Spring,Morning,Rural,False,False,1
471,2025-07-30,27.45,77.03,1020.85,14.76,7.33,0.0,283.23,49.26,South,Summer,Morning,Urban,False,False,0
472,2025-04-10,21.45,90.61,1019.1,11.22,7.37,4.92,1601.3,69.4,Mountain,Spring,Afternoon,Urban,False,False,0
473,2025-06-09,24.02,78.59,1004.54,16.04,4.68,10.04,86.2,59.48,West,Spring,Afternoon,Urban,False,False,0
474,2025-04-13,22.53,81.05,1016.25,17.22,7.96,3.22,187.91,52.89,West,Spring,Evening,Rural,False,False,0
475,2025-01-22,23.88,81.84,1010.95,8.44,6.69,6.83,502.8,43.76,East,Winter,Night,Urban,False,False,0
476,2025-02-28,16.63,70.71,1017.97,18.69,5.38,3.65,424.26,51.06,North,Winter,Evening,Rural,False,False,0
477,2025-01-12,14.81,83.96,1015.43,12.07,3.56,0.36,359.44,66.45,North,Winter,Night,Urban,False,False,0
478,2025-08-11,25.54,97.49,1014.31,25.49,2.99,9.04,125.5,64.74,Coastal,Summer,Afternoon,Coastal,False,False,1
479,2025-05-31,24.15,96.58,1016.82,4.24,8.65,1.84,105.82,65.86,Coastal,Spring,Morning,Rural,False,False,0
480,2025-09-18,36.73,76.5,1013.49,12.61,3.91,0.0,515.4,42.07,East,Summer,Morning,Urban,False,False,1
481,2025-04-22,33.48,74.47,1020.36,11.87,5.41,2.14,684.17,60.04,South,Spring,Evening,Urban,True,False,0
482,2025-07-08,36.16,86.32,1019.69,16.98,6.89,3.93,42.67,80.63,Coastal,Summer,Morning,Rural,False,True,1
483,2025-01-20,13.86,93.24,1013.0,25.58,5.3,2.44,573.99,80.91,West,Winter,Afternoon,Coastal,False,False,1
484,2025-06-27,30.62,85.74,1017.51,7.38,4.58,1.91,90.49,62.99,Coastal,Summer,Night,Urban,False,True,0
485,2025-10-28,23.42,83.66,1001.54,17.45,5.2,6.29,89.76,47.72,Coastal,Autumn,Afternoon,Urban,False,True,0
486,2025-01-05,25.57,82.34,1008.15,15.76,7.92,4.52,25.94,58.24,East,Winter,Morning,Rural,True,False,0
487,2025-06-19,30.7,61.82,1008.66,10.47,3.6,4.13,677.57,50.22,West,Spring,Night,Urban,False,False,0
488,2025-10-11,20.51,82.57,1005.2,18.75,5.93,6.71,319.48,64.74,North,Autumn,Morning,Urban,False,True,0
489,2025-07-30,34.89,81.46,1003.65,19.57,2.42,7.88,586.49,81.66,East,Summer,Evening,Urban,False,False,1
490,2025-09-15,23.11,90.46,1014.37,21.94,5.03,8.02,19.21,68.92,Coastal,Summer,Night,Urban,False,False,1
491,2025-08-22,39.36,67.32,1004.46,20.65,7.69,0.0,598.45,61.0,South,Summer,Night,Urban,False,False,0
492,2025-05-03,22.7,100.0,1024.73,7.56,4.5,11.68,112.78,95.14,Coastal,Spring,Night,Coastal,False,False,1
493,2025-02-23,18.04,82.21,1016.1,18.3,6.19,4.68,208.82,49.81,East,Winter,Night,Urban,False,False,0
494,2025-03-11,19.49,86.56,1005.35,22.01,6.41,5.92,1061.26,76.78,South,Winter,Afternoon,Urban,True,True,1
495,2025-10-01,27.02,100.0,1018.18,16.54,3.67,8.93,56.57,55.42,Coastal,Autumn,Afternoon,Urban,True,False,1
496,2025-02-22,15.84,89.45,1015.38,25.68,5.15,7.02,0.0,62.36,East,Winter,Morning,Urban,True,True,1
497,2025-12-15,25.09,100.0,1016.43,5.38,5.88,9.23,59.4,78.57,Coastal,Autumn,Evening,Urban,False,False,0
498,2025-04-29,25.79,81.11,1017.12,10.42,7.13,1.84,627.67,76.04,South,Spring,Evening,Urban,False,False,0
499,2025-09-13,28.47,86.77,1027.02,14.45,8.04,10.93,771.54,50.82,Mountain,Summer,Night,Rural,False,False,0
500,2025-06-12,23.8,82.38,1011.39,27.94,5.84,2.1,1969.84,59.65,Mountain,Spring,Morning,Urban,False,False,0
501,2025-08-08,29.59,90.4,1009.04,19.0,6.05,7.73,190.14,73.92,Coastal,Summer,Night,Rural,False,True,1
502,2025-08-01,25.7,78.47,1015.38,17.56,4.51,3.82,760.89,70.53,West,Summer,Afternoon,Rural,False,False,0
503,2025-09-24,25.43,84.23,1015.37,13.27,6.84,8.08,556.45,69.53,South,Autumn,Morning,Urban,False,False,0
504,2025-08-28,40.28,76.35,1008.86,16.33,7.5,2.55,715.95,50.87,South,Summer,Night,Urban,False,False,0
505,2025-08-14,27.47,80.3,1023.46,26.97,2.14,4.92,356.43,61.87,East,Summer,Evening,Rural,False,False,0
506,2025-07-12,39.13,66.53,1015.36,12.66,5.55,1.04,438.49,58.82,West,Summer,Evening,Urban,False,False,0
507,2025-07-11,26.21,100.0,1025.72,21.6,5.67,8.5,585.49,73.36,East,Summer,Night,Coastal,False,False,1
508,2025-07-08,38.04,78.95,1000.87,14.11,4.61,8.11,99.7,50.28,Coastal,Summer,Afternoon,Urban,False,False,1
509,2025-11-05,23.3,76.37,1016.31,16.08,5.69,0.75,265.78,29.31,West,Autumn,Morning,Urban,False,False,0
510,2025-09-30,21.32,76.36,1018.05,3.88,8.8,2.5,343.2,44.75,West,Autumn,Evening,Rural,False,False,0
511,2025-12-24,29.09,81.26,1016.39,14.72,5.13,1.29,220.61,45.67,South,Winter,Afternoon,Urban,False,False,0
512,2025-10-18,23.55,95.76,1015.1,20.01,8.01,7.25,187.65,60.41,Coastal,Autumn,Morning,Coastal,False,False,1
513,2025-05-22,27.95,75.77,1002.27,15.2,7.79,3.09,805.35,51.84,North,Spring,Morning,Urban,False,True,0
514,2025-09-06,22.24,83.54,1019.92,6.21,9.21,8.93,448.39,77.95,East,Summer,Night,Rural,False,False,0
515,2025-01-02,14.18,80.36,1016.7,12.51,2.85,0.87,378.66,73.48,East,Winter,Afternoon,Urban,False,False,0
516,2025-11-23,15.88,87.74,1012.15,14.05,6.08,6.35,1426.46,53.2,Mountain,Autumn,Night,Rural,False,False,0
517,2025-09-01,30.44,68.82,1013.89,8.72,7.24,2.5,1218.48,49.04,Mountain,Summer,Morning,Urban,False,False,0
518,2025-03-28,18.86,100.0,1010.36,11.86,4.65,11.05,185.43,75.51,Coastal,Spring,Morning,Urban,False,False,0
519,2025-04-23,18.18,82.34,1008.7,6.99,8.7,2.44,0.0,61.29,Coastal,Spring,Evening,Coastal,False,False,0
520,2025-07-15,28.33,81.64,995.92,10.7,6.64,3.97,656.99,67.54,West,Summer,Afternoon,Rural,False,False,0
521,2025-07-14,34.97,74.69,1000.89,11.6,8.17,2.32,200.62,66.13,West,Summer,Afternoon,Urban,False,False,0
522,2025-03-16,20.18,94.89,1017.62,14.35,4.18,6.29,161.09,82.09,Coastal,Winter,Morning,Rural,False,False,0
523,2025-12-28,15.39,79.89,1009.1,29.7,8.82,6.11,677.92,73.28,West,Winter,Afternoon,Rural,True,False,1
524,2025-12-04,20.74,85.86,1014.68,10.17,7.18,2.71,1869.22,60.04,Mountain,Autumn,Evening,Urban,False,False,0
525,2025-02-19,15.1,71.38,1018.94,2.92,6.4,0.0,520.19,56.05,North,Winter,Night,Urban,True,False,0
526,2025-10-22,13.03,84.6,1000.03,2.76,10.23,3.77,312.93,71.4,North,Autumn,Night,Urban,True,False,0
527,2025-10-31,29.24,93.25,1013.12,18.68,3.77,8.25,323.39,67.36,East,Autumn,Night,Rural,False,False,1
528,2025-07-15,37.28,74.8,1008.62,16.0,6.81,0.0,475.16,51.7,South,Summer,Night,Urban,False,False,0
529,2025-09-05,21.65,79.02,1018.24,18.29,5.02,0.0,1353.88,54.52,Mountain,Summer,Morning,Urban,False,False,0
530,2025-10-03,22.62,96.12,1009.34,16.18,0.5,8.76,61.06,68.03,Coastal,Autumn,Night,Rural,False,True,1
531,2025-03-24,23.61,88.47,1016.41,16.85,3.9,12.05,774.93,93.34,North,Spring,Morning,Urban,True,False,1
532,2025-03-13,15.41,80.58,1005.75,101.73,5.6,2.57,409.2,74.22,West,Winter,Afternoon,Urban,True,False,1
533,2025-03-10,19.1,88.26,1020.06,21.31,6.66,6.83,51.64,81.25,West,Winter,Night,Urban,False,False,1
534,2025-11-19,21.88,100.0,1012.28,18.24,6.58,5.88,2.6,66.4,Coastal,Autumn,Afternoon,Urban,False,False,1
535,2025-05-07,25.88,78.14,1011.44,13.79,4.94,1.61,349.93,63.9,North,Spring,Afternoon,Urban,False,False,0
536,2025-03-05,28.34,73.83,1008.24,17.12,4.16,0.0,379.75,61.56,North,Winter,Morning,Coastal,True,False,0
537,2025-06-26,26.75,82.27,999.95,10.82,3.85,6.15,75.67,77.21,Coastal,Summer,Afternoon,Rural,False,False,0
538,2025-07-09,43.24,86.0,1023.03,14.06,4.48,9.64,72.28,58.22,Coastal,Summer,Night,Urban,False,False,1
539,2025-11-22,28.31,90.34,1012.01,17.84,8.16,8.23,108.25,66.71,Coastal,Autumn,Morning,Urban,False,False,0
540,2025-12-13,23.25,85.98,1005.5,0.0,5.61,7.57,199.87,53.84,East,Autumn,Morning,Rural,False,False,0
541,2025-12-05,20.04,72.46,1004.81,12.55,2.47,0.0,1375.21,33.78,Mountain,Autumn,Afternoon,Urban,False,False,0
542,2025-03-29,27.42,96.81,1022.92,15.96,7.53,7.76,325.46,70.66,East,Spring,Afternoon,Urban,False,False,1
543,2025-11-26,35.09,64.44,1025.34,6.07,7.42,0.21,246.04,48.57,West,Autumn,Morning,Urban,False,False,0
544,2025-02-13,20.01,87.18,1009.08,15.78,5.45,5.74,261.72,55.83,West,Winter,Evening,Urban,False,False,0
545,2025-08-13,30.2,78.24,1013.89,13.81,8.48,0.84,607.2,61.96,West,Summer,Afternoon,Urban,False,False,0
546,2025-12-07,18.1,92.21,1018.58,6.5,5.75,9.15,2338.72,72.42,Mountain,Autumn,Night,Urban,False,False,0
547,2025-06-26,32.44,77.69,1011.15,9.47,9.58,2.57,260.66,60.41,East,Summer,Night,Urban,False,False,0
548,2025-02-28,12.49,100.0,1012.41,17.91,3.58,7.19,0.0,71.66,Coastal,Winter,Afternoon,urban,False,False,1
549,2025-03-03,31.28,78.42,1020.55,11.75,5.57,2.69,692.71,60.89,North,Winter,Evening,Rural,False,False,0
550,2025-01-27,19.88,85.77,1019.09,11.36,7.5,4.69,520.65,67.03,South,Winter,Evening,Urban,False,False,0
551,2025-04-05,23.05,85.37,1021.43,20.78,4.07,1.4,611.51,69.01,South,Spring,Evening,Rural,False,False,0
552,2025-02-14,20.41,100.0,1021.03,22.0,6.44,11.68,41.79,82.97,Coastal,Winter,Morning,Urban,False,False,1
553,2025-04-14,28.64,80.52,1004.16,19.29,8.42,1.53,631.96,48.11,West,Spring,Evening,Coastal,False,False,0
554,2025-09-15,29.91,94.74,1017.77,20.64,4.63,8.22,75.15,78.31,Coastal,Summer,Night,Urban,False,False,1
555,2025-08-13,23.86,100.0,1008.08,18.99,5.22,9.81,95.52,91.55,Coastal,Summer,Night,Urban,False,True,1
556,2025-03-02,11.31,87.26,1014.82,18.48,5.74,9.9,67.74,65.02,North,Winter,Afternoon,Coastal,False,True,0
557,2025-11-20,23.44,81.99,1011.24,7.48,5.83,1.52,280.65,54.0,West,Autumn,Morning,Rural,True,False,0
558,2025-01-09,13.58,96.33,1011.2,16.45,4.11,7.49,204.82,61.25,West,Winter,Afternoon,Rural,False,False,0
559,2025-07-22,31.01,84.64,1003.28,24.48,6.42,6.18,647.65,82.0,North,Summer,Afternoon,Rural,False,True,1
560,2025-07-21,35.64,90.84,1016.75,9.55,6.6,4.51,39.88,66.57,Coastal,Summer,Morning,Rural,False,True,1
561,2025-11-26,21.36,93.65,1011.15,29.78,1.78,4.9,2595.65,70.68,Mountain,Autumn,Evening,Coastal,True,True,1
562,2025-06-07,16.41,89.36,1015.2,12.35,2.97,49.67,776.0,75.17,South,Spring,Night,Urban,False,True,1
563,2025-03-17,16.15,100.0,1008.33,7.82,4.24,2.76,0.0,74.81,South,Winter,Afternoon,Urban,False,False,0
564,2025-02-13,14.17,95.55,1010.19,7.87,4.91,6.42,54.23,67.48,Coastal,Winter,Evening,Urban,True,False,0
565,2025-05-16,24.47,91.68,1029.38,15.73,7.07,9.43,58.74,79.25,Coastal,Spring,Night,Rural,False,False,1
566,2025-03-07,15.96,83.61,1017.64,6.7,7.55,0.56,678.57,51.44,South,Winter,Afternoon,Urban,False,False,0
567,2025-10-02,17.57,100.0,1004.49,19.92,3.55,4.6,69.36,67.06,Coastal,Autumn,Morning,Urban,False,False,1
568,2025-06-28,32.48,89.89,1003.34,19.66,6.98,7.88,177.75,77.76,East,Summer,Afternoon,Rural,True,True,1
569,2025-12-27,14.1,70.31,1012.3,14.74,8.62,3.8,117.91,54.28,North,Winter,Afternoon,Urban,False,False,0
570,2025-03-18,19.32,92.93,1013.75,1.22,5.0,2.26,94.91,54.42,Coastal,Winter,Morning,Urban,True,False,0
571,2025-03-30,36.38,81.93,1007.59,3.67,2.8,2.3,707.88,54.29,East,Spring,Afternoon,Urban,False,False,0
572,2025-04-19,23.95,93.18,1015.42,102.49,0.5,6.32,388.53,65.9,East,Spring,Night,Rural,False,False,1
573,2025-04-10,32.14,84.99,1014.64,9.66,6.02,6.27,585.35,68.3,South,Spring,Morning,Rural,False,False,0
574,2025-10-19,23.92,68.24,1009.68,18.66,6.99,1.77,438.66,44.87,West,Autumn,Night,Urban,False,False,0
575,2025-03-08,20.6,100.0,1012.43,13.44,5.37,6.9,38.11,70.0,Coastal,Winter,Morning,Urban,True,False,1
576,2025-04-21,23.39,88.09,1003.44,23.44,9.58,2.0,71.74,50.93,Coastal,Spring,Evening,Urban,False,False,0
577,2025-08-09,28.07,64.45,1016.36,33.77,2.16,0.0,0.0,33.26,North,Summer,Morning,Rural,False,False,0
578,2025-02-14,12.77,87.56,1014.54,14.57,6.32,3.47,342.05,78.81,East,Winter,Night,Urban,False,False,0
579,2025-11-29,28.65,74.61,1007.49,14.59,5.84,5.19,1303.48,45.74,Mountain,Autumn,Night,Urban,False,False,0
580,2025-05-15,30.94,93.54,1012.87,17.72,5.05,7.97,4.95,65.56,Coastal,Spring,Morning,Urban,False,False,1
581,2025-07-18,28.52,86.9,1004.89,16.61,5.96,4.39,90.16,68.88,Coastal,Summer,Night,Rural,False,False,0
582,2025-12-26,32.84,96.42,1017.89,1.88,4.26,8.05,107.45,46.04,Coastal,Winter,Night,Urban,False,False,0
583,2025-04-20,33.18,59.72,982.22,8.63,6.82,0.0,681.04,47.3,North,Spring,Evening,Coastal,False,False,0
584,2025-01-28,26.34,80.77,1010.04,14.73,4.77,2.54,661.5,44.2,North,Winter,Afternoon,Coastal,False,False,0
585,2025-01-06,20.87,78.12,1012.34,6.68,8.25,6.07,631.38,44.4,West,Winter,Evening,Urban,False,False,0
586,2025-12-12,24.02,86.0,1013.36,4.28,7.25,6.71,643.97,69.38,East,Autumn,Afternoon,Rural,False,False,0
587,2025-11-04,16.16,100.0,1021.64,14.81,8.56,8.71,979.89,78.08,East,Autumn,Morning,Rural,False,False,1
588,2025-09-25,17.74,78.21,1027.63,8.85,6.84,1.85,1712.74,49.61,Mountain,Autumn,Night,Rural,False,False,0
589,2025-02-20,8.89,87.32,1007.65,8.48,3.87,6.8,1811.18,43.04,Mountain,Winter,Morning,Rural,False,False,0
590,2025-08-21,23.66,90.13,1022.28,20.72,4.65,7.11,181.3,80.14,West,Summer,Night,Urban,False,True,1
591,2025-12-04,31.17,70.79,1009.88,16.14,8.14,0.4,593.58,51.71,South,Autumn,Evening,Rural,False,False,0
592,2025-08-09,37.06,83.24,1012.85,7.92,3.15,5.37,138.6,72.16,South,Summer,Afternoon,Urban,False,True,1
593,2025-12-30,8.23,100.0,1015.48,4.92,4.22,6.5,0.0,66.97,Coastal,Winter,Afternoon,Urban,True,True,1
594,2025-10-06,11.85,95.11,1016.16,15.66,4.09,3.87,1982.36,65.57,Mountain,Autumn,Afternoon,Urban,False,False,0
595,2025-07-13,28.62,87.8,1022.36,11.87,4.0,2.98,124.14,71.26,Coastal,Summer,Morning,Urban,False,False,0
596,2025-04-17,29.54,82.64,1013.72,28.4,7.58,8.4,625.87,57.13,East,Spring,Night,Rural,False,True,1
597,2025-10-18,26.68,75.63,1010.5,18.87,8.79,2.99,753.5,56.18,West,Autumn,Evening,Coastal,False,True,0
598,2025-07-06,30.95,74.76,1020.22,16.01,9.42,4.62,377.19,31.32,North,Summer,Evening,Rural,False,False,0
599,2025-08-12,30.09,79.56,1018.79,22.66,6.95,2.79,191.29,66.79,West,Summer,Evening,Urban,False,False,0
600,2025-05-20,27.43,86.2,1006.75,8.08,7.05,2.5,130.37,68.75,Coastal,Spring,Morning,Coastal,False,False,0
601,2025-11-27,9.56,88.76,1022.85,22.5,4.06,6.81,1809.21,73.93,Mountain,Autumn,Evening,Urban,False,True,1
602,2025-08-27,33.74,73.0,1018.81,18.52,6.9,2.91,620.16,39.15,West,Summer,Morning,Rural,False,False,0
603,2025-06-13,34.11,82.56,1019.01,16.2,7.42,6.38,181.26,54.36,South,Spring,Afternoon,Rural,False,False,1
604,2025-05-26,11.15,84.26,1013.15,7.76,5.54,4.31,488.63,44.13,North,Spring,Night,Rural,False,False,0
605,2025-10-12,21.29,95.9,1006.81,32.33,1.57,8.24,161.4,62.49,Coastal,Autumn,Morning,Urban,True,True,1
606,2025-08-12,36.98,88.32,1019.2,19.48,1.96,5.67,444.18,64.9,South,Summer,Morning,Urban,False,True,1
607,2025-11-10,16.81,100.0,1020.85,12.59,6.28,9.7,119.6,86.98,Coastal,Autumn,Night,Rural,False,False,1
608,2025-05-24,34.26,79.38,1008.86,14.11,7.74,6.5,608.91,70.32,South,Spring,Afternoon,Rural,True,False,0
609,2025-12-10,27.48,78.93,1017.66,17.02,3.91,2.1,716.25,44.64,South,Autumn,Evening,Rural,False,False,0
610,2025-07-17,24.79,88.91,1007.06,16.04,4.2,5.64,2065.41,59.46,Mountain,Summer,Morning,Urban,False,False,0
611,2025-08-24,41.97,78.36,1008.64,15.85,6.81,3.11,320.19,60.2,South,Summer,Night,Urban,True,False,1
612,2025-08-05,38.59,79.66,1017.87,13.24,8.79,2.56,435.97,65.7,South,Summer,Morning,Urban,True,True,1
613,2025-02-03,16.19,97.42,1010.53,10.19,4.13,8.64,622.11,60.32,West,Winter,Night,Urban,False,False,0
614,2025-02-18,26.2,91.78,1007.75,14.74,1.46,5.9,308.74,66.22,South,Winter,Evening,Coastal,True,True,1
615,2025-06-21,41.21,66.54,1020.26,22.43,8.3,1.38,438.93,48.6,North,Summer,Afternoon,Urban,True,True,0
616,2025-09-15,25.88,77.64,1016.42,11.12,9.36,0.0,569.49,63.6,North,Summer,Night,Urban,False,False,0
617,2025-06-20,26.66,79.76,1021.51,9.92,8.53,6.12,78.6,58.15,Coastal,Spring,Night,Coastal,False,True,0
618,2025-08-09,34.06,79.91,1009.21,22.81,4.89,9.19,339.74,52.41,South,Summer,Night,Coastal,False,True,1
619,2025-06-28,26.57,98.04,1018.74,15.85,7.32,8.68,41.93,85.97,Coastal,Summer,Night,Rural,False,False,1
620,2025-12-17,24.18,72.94,1006.49,12.14,8.98,3.74,696.32,61.87,North,Autumn,Night,Urban,False,False,0
621,2025-06-06,17.75,90.03,1016.82,16.41,7.93,3.14,0.0,65.92,North,Spring,Afternoon,Coastal,False,True,0
622,2025-05-29,22.18,78.96,1014.96,17.75,3.31,0.0,755.2,63.2,South,Spring,Evening,Rural,False,False,0
623,2025-10-24,22.46,72.01,1010.24,15.97,5.83,4.16,699.37,48.81,North,Autumn,Afternoon,Urban,False,False,0
624,2025-12-17,27.54,85.76,1014.91,9.65,6.88,8.1,91.07,75.47,Coastal,Autumn,Afternoon,Rural,False,False,0
625,2025-03-07,27.12,69.75,1027.18,17.61,8.55,4.4,37.31,56.13,West,Winter,Night,Rural,True,False,0
626,2025-05-29,26.77,73.25,1001.18,19.81,8.01,0.0,423.02,49.13,West,Spring,Night,Urban,False,False,0
627,2025-11-18,26.62,83.36,1002.97,15.73,5.8,4.68,349.07,59.05,South,Autumn,Morning,Urban,False,True,0
628,2025-06-03,25.8,98.68,1011.27,20.21,2.65,9.86,109.63,84.28,East,Spring,Night,Urban,True,True,1
629,2025-05-04,23.64,67.97,1008.79,14.38,4.18,0.0,79.26,49.59,North,Spring,Night,Urban,False,False,0
630,2025-03-03,15.13,89.52,1013.64,7.59,2.43,5.16,399.52,88.18,West,Winter,Night,Coastal,False,True,0
631,2025-09-14,25.91,93.61,1011.09,9.94,8.15,8.1,32.41,83.83,Coastal,Summer,Evening,Urban,False,True,1
632,2025-02-04,0.13,90.17,1007.81,6.75,6.29,0.72,1326.1,67.19,Mountain,Winter,Afternoon,Rural,False,False,1
633,2025-07-26,38.78,72.05,1015.47,22.78,3.11,2.47,368.99,59.48,North,Summer,Afternoon,Urban,False,False,1
634,2025-02-01,27.86,88.07,1022.25,24.38,6.68,2.29,152.68,72.24,West,Winter,Night,Urban,False,False,1
635,2025-05-10,24.3,81.95,1013.31,8.36,2.68,3.28,497.49,61.62,East,Spring,Morning,Urban,False,False,0
636,2025-02-06,23.35,77.63,997.9,13.41,3.77,3.94,608.57,63.19,South,Winter,Evening,Rural,False,False,0
637,2025-08-07,38.01,66.83,1020.48,18.74,8.47,2.89,745.62,53.38,West,Summer,Morning,Urban,False,False,0
638,2025-03-22,25.57,91.06,1017.28,23.88,1.34,4.17,1799.87,81.93,Mountain,Spring,Morning,Rural,False,False,1
639,2025-01-17,18.66,93.31,1013.36,12.39,2.26,5.54,777.81,62.9,South,Winter,Morning,Urban,True,False,0
640,2025-01-19,14.15,95.59,1015.99,14.92,0.55,9.5,264.68,84.11,South,Winter,Morning,Urban,False,False,1
641,2025-06-05,27.82,89.35,1014.71,14.77,5.76,4.33,42.01,60.15,Coastal,Spring,Morning,Rural,True,False,0
642,2025-03-12,9.51,90.26,1019.72,20.01,4.17,3.27,916.19,66.78,North,Winter,Morning,Urban,False,False,1
643,2025-10-18,25.57,62.41,1014.86,15.25,8.97,0.98,405.85,53.88,North,Autumn,Afternoon,Coastal,False,False,0
644,2025-10-06,19.28,83.17,1001.29,24.35,3.08,2.98,523.74,52.73,South,Autumn,Afternoon,Urban,False,False,0
645,2025-01-28,7.57,100.0,1009.78,16.41,8.11,5.84,238.62,73.51,South,Winter,Afternoon,Urban,False,False,1
646,2025-08-21,23.9,96.84,1014.57,14.93,7.72,5.59,2907.7,90.51,Mountain,Summer,Night,Urban,False,False,1
647,2025-04-16,22.36,80.05,1012.85,13.32,6.45,0.0,803.83,48.66,East,Spring,Evening,Coastal,False,False,0
648,2025-11-15,18.99,78.69,1018.85,14.31,5.42,5.5,607.0,56.43,East,Autumn,Night,Urban,False,False,0
649,2025-07-15,36.05,80.94,1018.5,12.01,5.41,2.16,879.45,59.12,East,Summer,Evening,Urban,False,False,0
650,2025-11-08,28.16,71.12,1023.97,19.88,2.97,1.7,466.13,54.72,North,Autumn,Evening,Urban,False,False,0
651,2025-02-10,15.33,84.62,1017.58,16.45,5.85,2.97,538.71,58.44,South,Winter,Afternoon,Urban,False,True,0
652,2025-08-14,34.02,85.84,1016.35,23.88,6.5,5.43,642.58,55.66,West,Summer,Evening,Urban,True,False,1
653,2025-09-17,27.96,84.46,1010.44,20.09,6.47,2.76,129.17,46.16,East,Summer,Afternoon,Urban,False,False,0
654,2025-05-31,25.17,80.2,1015.58,26.59,3.66,7.79,504.74,65.52,West,Spring,Evening,Coastal,False,False,0
655,2025-03-18,19.22,88.71,1027.77,21.86,5.62,9.01,168.69,62.24,East,Winter,Night,Urban,True,False,1
656,2025-09-24,16.82,88.23,1026.52,14.06,7.03,5.86,876.72,59.02,East,Autumn,Morning,Rural,False,False,0
657,2025-02-10,6.81,91.79,1007.65,8.83,3.62,7.07,25.6,61.36,South,Winter,Afternoon,Coastal,False,False,0
658,2025-05-27,20.76,91.35,1017.96,12.11,5.46,1.12,468.81,68.29,South,Spring,Night,Urban,False,False,0
659,2025-08-29,32.02,92.31,1003.33,19.42,6.21,6.7,155.05,52.85,Coastal,Summer,Night,Urban,False,False,1
660,2025-06-22,30.31,60.08,999.98,22.44,7.72,0.0,665.68,34.07,West,Summer,Night,Urban,False,False,0
661,2025-10-29,17.12,85.56,1020.91,10.13,3.91,7.57,1448.82,72.4,Mountain,Autumn,Evening,Coastal,True,False,0
662,2025-10-24,29.96,89.08,1010.75,7.79,8.03,6.31,428.93,86.45,East,Autumn,Afternoon,Urban,False,False,0
663,2025-06-27,37.23,82.44,1000.14,19.47,4.62,10.04,867.34,62.7,South,Summer,Afternoon,Rural,False,True,1
664,2025-01-21,0.18,82.17,1010.56,26.11,5.59,6.48,1848.9,74.24,Mountain,Winter,Night,Urban,False,False,1
665,2025-12-28,16.41,97.06,1009.8,16.07,6.07,9.23,1221.71,51.1,Mountain,Winter,Morning,Rural,True,True,0
666,2025-09-20,35.14,99.13,1017.45,17.44,4.5,11.36,126.1,70.05,Coastal,Summer,Morning,Coastal,False,True,1
667,2025-04-23,24.7,98.28,1017.15,7.08,5.04,9.23,167.25,57.65,Coastal,Spring,Afternoon,Urban,True,False,0
668,2025-05-15,30.33,73.27,1010.45,9.77,8.58,7.13,304.91,66.97,West,Spring,Night,Urban,False,False,0
669,2025-06-01,32.63,82.08,1013.85,9.83,7.83,3.73,385.13,56.55,North,Spring,Night,Coastal,False,False,0
670,2025-09-08,34.72,74.12,1012.59,13.66,7.76,4.07,243.5,47.03,West,Summer,Evening,Urban,False,False,0
671,2025-01-28,18.32,80.84,1016.26,9.98,3.95,5.63,535.07,66.62,South,Winter,Morning,Coastal,False,False,0
672,2025-07-14,29.32,69.87,999.59,14.59,4.05,0.0,200.03,46.0,North,Summer,Afternoon,Rural,False,False,0
673,2025-03-24,15.12,91.85,1011.35,1.39,6.28,6.08,1994.77,67.16,Mountain,Spring,Night,Rural,True,False,0
674,2025-01-18,20.18,95.06,1021.49,14.02,4.33,7.06,252.01,74.99,South,Winter,Night,Urban,False,False,0
675,2025-02-18,16.96,93.33,1008.23,12.47,4.3,9.41,119.58,72.61,Coastal,Winter,Afternoon,Urban,False,False,0
676,2025-07-28,37.08,58.52,1016.68,8.48,7.13,2.91,481.64,35.86,West,Summer,Morning,Urban,False,True,0
677,2025-08-17,24.72,82.39,1007.34,24.29,6.38,4.63,693.0,78.89,East,Summer,Night,Rural,False,False,1
678,2025-04-30,18.3,71.96,1014.58,13.28,2.73,5.78,536.88,37.93,North,Spring,Evening,Rural,False,False,0
679,2025-06-10,17.55,94.26,1004.09,16.55,4.94,3.04,2217.07,64.23,Mountain,Spring,Morning,Urban,False,True,1
680,2025-02-28,11.68,78.34,1015.86,16.74,3.84,3.58,135.35,51.24,North,Winter,Night,Coastal,False,False,0
681,2025-06-15,21.48,88.06,1018.68,20.92,6.1,9.22,383.01,55.74,West,Spring,Evening,Urban,False,False,0
682,2025-03-26,8.65,86.98,1012.52,12.2,6.3,11.59,730.76,65.4,West,Spring,Morning,Urban,False,True,0
683,2025-03-22,16.53,69.0,1013.8,14.56,7.2,3.37,673.8,45.63,North,Spring,Evening,Urban,False,False,0
684,2025-10-31,19.05,78.14,1008.28,14.22,7.06,4.43,131.71,59.15,North,Autumn,Evening,Coastal,False,False,0
685,2025-04-18,27.44,54.47,1025.93,18.43,7.99,1.19,605.86,33.49,North,Spring,Morning,Urban,False,False,0
686,2025-05-04,27.83,72.92,1019.04,8.91,6.91,0.0,407.66,66.78,West,Spring,Afternoon,Coastal,False,False,0
687,2025-10-14,22.59,82.23,1024.6,23.6,4.81,3.46,777.75,46.11,East,Autumn,Evening,Rural,False,False,0
688,2025-04-02,16.83,91.45,1012.98,12.98,6.46,4.43,1593.01,86.69,Mountain,Spring,Morning,Rural,True,False,1
689,2025-01-23,6.75,85.99,1021.98,17.83,8.68,6.09,1194.85,67.14,Mountain,Winter,Night,Urban,False,False,0
690,2025-01-15,8.02,84.29,1002.88,20.13,9.06,9.16,685.6,72.73,West,Winter,Morning,Urban,False,False,0
691,2025-12-02,35.42,75.85,1017.58,10.0,5.33,0.0,0.0,42.14,West,Autumn,Morning,Coastal,False,False,0
692,2025-09-14,28.24,74.24,1018.43,22.04,6.79,1.95,212.28,41.65,North,Summer,Morning,Urban,False,True,0
693,2025-12-23,17.14,78.41,1017.76,12.6,7.68,4.58,414.74,57.08,North,Winter,Afternoon,Rural,False,False,0
694,2025-12-15,29.32,80.92,1011.1,14.79,4.89,7.79,578.64,64.17,West,Autumn,Evening,Urban,False,False,0
695,2025-06-01,25.75,84.95,1009.42,19.5,5.89,2.16,632.53,48.76,South,Spring,Afternoon,Urban,False,False,0
696,2025-06-27,32.11,73.56,1008.93,5.45,11.14,0.0,318.66,51.54,West,Summer,Afternoon,Urban,False,True,0
697,2025-12-04,18.9,83.11,1009.62,21.78,3.21,0.34,398.38,64.22,West,Autumn,Evening,Coastal,True,False,0
698,2025-07-03,40.85,72.62,1015.17,24.83,6.51,0.0,538.5,43.02,South,Summer,Afternoon,Urban,False,False,1
699,2025-06-03,27.63,72.76,1028.92,8.55,8.3,3.7,410.18,67.08,North,Spring,Morning,Urban,False,False,0
700,2025-10-18,18.14,100.0,1017.19,31.61,2.91,7.41,159.36,78.86,Coastal,Autumn,Afternoon,Urban,False,True,1
701,2025-06-07,24.32,81.16,978.57,17.11,4.31,0.0,249.57,66.53,North,Spring,Evening,Urban,False,False,0
702,2025-08-26,37.05,88.99,1010.13,22.36,7.66,9.05,144.08,82.98,Coastal,Summer,Night,Rural,False,False,1
703,2025-10-28,24.59,73.45,1014.81,19.74,6.06,2.65,245.41,48.19,North,Autumn,Morning,Rural,False,False,0
704,2025-12-01,27.71,78.46,1018.8,11.37,4.19,2.99,1071.15,62.15,North,Autumn,Morning,Urban,False,False,0
705,2025-07-27,35.81,89.76,1007.07,12.71,3.34,6.77,129.08,65.14,Coastal,Summer,Morning,Urban,False,False,1
706,2025-07-10,25.0,90.96,1000.03,18.35,5.09,7.58,127.36,70.12,Coastal,Summer,Morning,Urban,False,False,0
707,2025-04-12,18.61,72.67,1007.06,16.68,10.23,3.6,372.35,54.73,West,Spring,Evening,Urban,False,False,0
708,2025-07-02,25.76,80.25,1015.72,17.47,6.1,3.7,144.23,54.51,East,Summer,Morning,Urban,False,False,0
709,2025-06-26,21.46,79.89,1019.88,4.46,6.16,0.43,1626.52,58.74,Mountain,Summer,Evening,Urban,False,False,0
710,2025-02-10,16.65,84.03,1009.06,11.82,6.65,4.58,50.29,62.37,South,Winter,Night,Coastal,False,False,0
711,2025-11-12,27.5,73.87,1016.22,8.57,3.26,3.01,67.69,60.94,West,Autumn,Afternoon,Urban,False,False,0
712,2025-07-28,29.55,84.15,1003.51,13.9,8.02,5.66,106.42,68.98,South,Summer,Evening,Urban,False,False,0
713,2025-08-24,29.75,72.33,1001.89,22.87,7.93,2.71,295.74,62.21,West,Summer,Night,Coastal,False,False,0
714,2025-12-05,27.79,100.0,1010.61,11.08,4.36,10.05,219.64,70.87,Coastal,Autumn,Evening,Urban,False,True,1
715,2025-11-16,9.45,100.0,1031.25,18.57,2.58,7.43,504.02,97.78,South,Autumn,Afternoon,Urban,False,True,1
716,2025-05-29,26.31,82.12,1023.88,14.18,3.9,0.83,676.74,47.73,North,Spring,Evening,Rural,False,False,0
717,2025-11-21,20.19,100.0,1001.8,23.65,2.32,8.74,105.15,66.23,Coastal,Autumn,Afternoon,Urban,True,False,1
718,2025-02-20,8.99,82.52,998.11,7.59,7.68,3.16,357.23,33.9,East,Winter,Night,Coastal,False,False,0
719,2025-08-30,32.13,90.5,1003.23,9.14,3.82,7.89,118.73,89.42,Coastal,Summer,Night,Urban,False,True,1
720,2025-05-31,19.23,87.77,1015.11,6.42,6.69,3.52,514.5,69.71,North,Spring,Morning,Rural,False,False,0
721,2025-05-06,26.63,85.22,1023.79,16.84,10.05,0.0,511.87,58.45,East,Spring,Night,Coastal,False,False,0
722,2025-01-13,9.66,94.21,1010.78,19.99,1.54,7.11,379.52,52.55,East,Winter,Night,Urban,True,True,1
723,2025-10-24,25.55,96.65,1007.35,18.78,7.98,5.4,85.61,76.4,Coastal,Autumn,Morning,Urban,False,False,1
724,2025-06-19,19.97,93.59,1004.36,7.27,3.67,7.81,113.07,72.64,Coastal,Spring,Evening,Rural,False,False,0
725,2025-06-06,21.73,89.78,1012.79,6.14,6.82,7.35,184.26,77.41,East,Spring,Morning,Coastal,False,True,0
726,2025-09-22,24.4,83.27,1010.7,12.91,6.87,5.84,276.42,48.48,East,Autumn,Night,Rural,False,False,0
727,2025-07-14,34.76,69.66,1012.6,17.76,5.84,6.0,538.49,38.81,North,Summer,Evening,Urban,False,False,0
728,2025-09-26,23.7,94.38,1006.29,23.99,5.42,10.26,62.34,69.13,Coastal,Autumn,Morning,Coastal,True,False,1
729,2025-05-12,30.3,100.0,1015.75,12.83,4.73,6.68,118.97,73.99,Coastal,Spring,Evening,Urban,False,False,1
730,2025-02-01,23.63,85.22,1025.33,12.32,5.95,5.54,395.19,64.82,South,Winter,Night,Urban,True,False,0
731,2025-04-21,26.76,79.28,1000.11,20.1,5.43,1.29,241.78,47.25,West,Spring,Night,Coastal,False,False,0
732,2025-09-05,40.7,77.72,1012.16,17.47,4.91,2.99,766.87,53.41,West,Summer,Afternoon,Urban,False,False,1
733,2025-03-25,24.54,65.91,1026.19,20.16,4.9,4.19,522.2,43.45,North,Spring,Morning,Rural,False,False,0
734,2025-06-03,23.12,86.58,1023.53,13.38,6.87,4.06,1967.63,72.22,Mountain,Spring,Evening,Coastal,False,False,0
735,2025-05-18,26.96,99.55,1016.04,11.18,3.96,11.83,553.91,69.35,South,Spring,Evening,Urban,False,False,1
736,2025-07-01,27.42,82.99,1019.58,13.16,9.56,5.57,801.78,61.56,West,Summer,Morning,Urban,False,False,0
737,2025-04-13,20.62,91.05,1012.72,17.82,6.99,9.83,142.56,65.16,Coastal,Spring,Morning,Rural,False,False,1
738,2025-10-28,19.98,96.44,1018.76,14.98,6.99,8.59,393.99,84.37,East,Autumn,Evening,Coastal,False,False,1
739,2025-10-29,26.73,86.23,1013.7,22.92,5.47,3.65,246.42,62.12,South,Autumn,Morning,Urban,False,False,0
740,2025-07-04,14.44,74.19,1019.0,16.85,8.3,0.51,1898.74,46.8,Mountain,Summer,Evening,Rural,False,True,0
741,2025-08-07,30.28,83.96,998.34,12.56,5.52,4.64,391.06,63.52,East,Summer,Evening,Rural,False,False,0
742,2025-10-13,16.31,85.78,1010.97,16.52,4.92,8.26,47.89,82.16,Coastal,Autumn,Night,Rural,False,False,0
743,2025-03-19,25.12,83.57,1009.0,21.1,4.25,0.6,402.53,61.3,West,Winter,Evening,Urban,False,True,0
744,2025-04-25,32.74,76.63,1005.43,12.05,5.2,5.51,0.0,70.07,West,Spring,Afternoon,Urban,False,False,0
745,2025-10-01,30.36,66.66,997.74,9.81,6.13,2.68,471.33,55.99,West,Autumn,Evening,Urban,False,False,0
746,2025-08-14,25.44,77.46,1013.44,22.32,2.94,3.84,526.75,51.33,North,Summer,Night,Rural,False,False,0
747,2025-10-24,29.67,100.0,1018.5,20.97,2.03,5.99,66.72,80.64,Coastal,Autumn,Morning,Rural,False,False,1
748,2025-08-04,35.93,85.33,1008.37,25.79,4.0,1.06,645.04,49.28,East,Summer,Morning,Rural,False,False,1
749,2025-05-21,26.34,92.26,1015.58,12.51,7.84,6.67,115.84,78.12,Coastal,Spring,Morning,Urban,False,False,0
750,2025-03-22,21.51,91.58,1020.64,21.87,8.05,5.56,242.16,84.1,East,Spring,Morning,Urban,False,False,1
751,2025-05-16,28.24,77.98,1021.69,15.64,5.98,2.09,189.63,63.91,West,Spring,Afternoon,Urban,True,False,0
752,2025-09-01,40.96,66.08,1022.24,2.47,8.71,0.37,441.16,26.55,East,Summer,Evening,Urban,False,False,0
753,2025-02-19,16.91,76.11,1015.66,18.27,9.36,7.52,465.84,62.27,East,Winter,Morning,Rural,False,False,0
754,2025-06-04,32.18,91.18,1011.43,7.68,5.35,9.21,167.92,76.88,South,Spring,Afternoon,Rural,False,True,1
755,2025-07-17,37.2,54.88,1025.2,13.36,8.2,0.0,419.42,40.44,West,Summer,Night,Urban,False,False,0
756,2025-04-20,19.41,88.06,1020.83,14.97,2.64,3.41,429.38,71.36,East,Spring,Evening,Rural,False,False,0
757,2025-12-09,23.36,89.44,1014.71,9.16,8.19,6.24,192.58,82.42,Coastal,Autumn,Morning,Urban,False,True,0
758,2025-02-12,12.94,92.95,1012.24,20.96,1.28,5.61,1782.97,62.14,Mountain,Winter,Afternoon,Rural,False,False,1
759,2025-09-29,26.62,72.1,1016.36,28.41,4.0,2.23,571.64,56.46,West,Autumn,Afternoon,Rural,False,False,0
760,2025-05-23,21.32,84.76,1012.15,9.37,7.51,2.22,585.05,55.04,North,Spring,Evening,Urban,False,False,0
761,2025-11-10,33.43,80.14,1018.89,19.91,8.66,9.78,1134.59,58.03,West,Autumn,Night,Rural,False,False,1
762,2025-05-22,33.78,63.03,1021.36,5.55,5.78,0.38,583.27,44.13,North,Spring,Morning,Urban,False,False,0
763,2025-04-29,24.14,97.98,1012.38,9.44,10.26,10.61,118.66,70.45,Coastal,Spring,Evening,Coastal,True,False,0
764,2025-03-28,32.72,86.2,1001.81,15.32,4.22,12.2,184.77,56.78,Coastal,Spring,Evening,Urban,False,False,1
765,2025-08-10,24.88,75.52,1011.95,23.7,5.65,5.14,189.52,56.17,East,Summer,Evening,Coastal,False,True,0
766,2025-10-30,20.15,85.95,1037.4,18.28,3.49,2.81,249.51,47.31,East,Autumn,Night,Urban,False,False,0
767,2025-02-20,24.91,87.19,1006.67,22.06,7.04,4.28,125.76,74.93,West,Winter,Evening,Rural,False,False,1
768,2025-11-18,21.85,81.65,1020.06,15.53,7.12,2.76,47.34,57.33,Coastal,Autumn,Morning,Rural,False,False,0
769,2025-06-26,38.32,76.95,1015.29,9.16,5.51,0.0,467.26,49.52,South,Summer,Evening,URBAN,False,False,0
770,2025-06-30,38.71,72.13,1000.98,15.55,10.13,5.41,687.74,48.82,West,Summer,Night,Rural,False,False,1
771,2025-09-06,38.02,64.31,1015.27,0.0,7.03,1.09,0.0,36.03,South,Summer,Evening,Rural,False,False,0
772,2025-11-03,11.55,82.1,1001.97,18.1,7.21,3.68,1991.1,46.26,Mountain,Autumn,Evening,Rural,False,False,0
773,2025-01-21,28.69,100.0,1017.52,16.91,4.35,6.72,640.63,67.41,South,Winter,Afternoon,Urban,False,False,1
774,2025-10-12,20.07,74.8,1011.12,18.75,3.98,0.0,74.43,70.29,West,Autumn,Evening,Rural,False,False,0
775,2025-05-01,19.37,100.0,1021.81,25.1,6.0,8.54,322.51,74.59,South,Spring,Night,Urban,False,False,1
776,2025-10-11,28.04,93.68,1018.45,19.14,3.18,3.98,105.44,99.63,Coastal,Autumn,Morning,Rural,False,True,1
777,2025-12-28,14.16,78.68,1012.11,6.85,9.45,1.97,384.17,46.22,North,Winter,Afternoon,Coastal,False,False,0
778,2025-10-19,21.03,88.79,1012.92,17.02,0.5,1.66,28.27,67.92,Coastal,Autumn,Evening,Rural,False,True,0
779,2025-07-31,30.54,86.39,1003.93,9.09,6.43,6.5,45.47,55.69,Coastal,Summer,Morning,Urban,False,False,0
780,2025-07-15,23.03,99.17,1017.56,20.77,5.78,6.99,0.0,68.16,Coastal,Summer,Night,Urban,False,False,1
781,2025-08-20,29.9,91.73,997.51,5.02,7.55,6.96,143.06,91.62,Coastal,Summer,Morning,Urban,False,True,0
782,2025-03-30,24.03,81.37,1010.66,15.8,7.7,8.07,52.64,51.64,South,Spring,Night,Rural,False,False,0
783,2025-08-16,36.63,73.01,1030.28,10.32,7.18,0.15,390.37,61.59,North,Summer,Afternoon,Rural,False,True,0
784,2025-06-22,25.99,90.65,1009.34,10.44,7.0,8.43,2182.13,64.03,Mountain,Summer,Afternoon,Coastal,False,False,0
785,2025-01-31,16.83,80.75,1023.01,9.6,6.66,2.88,1140.98,57.6,Mountain,Winter,Evening,Coastal,False,False,0
786,2025-05-25,26.74,78.96,1015.36,20.46,5.12,2.94,491.09,62.82,South,Spring,Night,Rural,False,False,0
787,2025-12-17,21.42,95.41,1018.54,14.15,1.52,4.45,11.01,66.9,Coastal,Autumn,Morning,Urban,True,False,0
788,2025-12-17,36.14,88.52,1004.78,17.8,7.15,4.16,0.0,85.53,Coastal,Autumn,Afternoon,rural,True,False,1
789,2025-11-24,30.18,78.75,1016.7,12.75,5.07,8.78,151.19,41.92,West,Autumn,Evening,Coastal,False,False,0
790,2025-03-14,25.57,74.99,1010.35,22.2,4.57,1.75,0.0,46.08,West,Winter,Evening,Urban,True,False,0
791,2025-04-08,17.57,98.19,1007.79,11.76,4.4,5.2,61.53,66.97,Coastal,Spring,Morning,Urban,False,False,0
792,2025-05-12,21.48,82.38,1003.13,13.72,7.52,5.57,1523.83,62.52,Mountain,Spring,Afternoon,Coastal,False,False,0
793,2025-01-19,20.06,91.57,1015.34,12.2,5.76,1.82,467.9,80.55,East,Winter,Night,Rural,False,False,0
794,2025-04-18,19.44,97.79,1013.05,22.85,7.95,8.12,111.07,53.14,Coastal,Spring,Morning,Urban,False,False,1
795,2025-04-05,22.48,89.88,1020.66,16.41,6.9,3.31,415.13,71.96,West,Spring,Evening,Urban,False,False,0
796,2025-06-14,24.37,88.47,1015.86,15.88,7.45,1.57,274.05,64.99,East,Spring,Afternoon,Rural,True,False,0
797,2025-09-01,20.25,80.79,1008.05,10.29,6.11,0.1,1485.32,52.23,Mountain,Summer,Night,Urban,False,False,0
798,2025-03-31,14.31,83.83,1017.05,20.17,8.36,3.03,1958.02,71.64,Mountain,Spring,Afternoon,Coastal,True,False,0
799,2025-07-27,24.22,92.12,1006.56,17.62,4.07,8.35,127.44,79.6,East,Summer,Afternoon,Urban,False,False,1
800,2025-07-06,20.15,73.98,1010.61,6.89,8.22,2.56,2041.92,65.7,Mountain,Summer,Evening,Coastal,False,False,0
801,2025-04-13,24.96,82.87,1007.31,19.64,6.57,7.17,364.86,53.62,South,Spring,Afternoon,Urban,False,False,0
802,2025-04-12,28.63,72.38,1019.06,13.25,3.11,0.0,478.68,53.15,North,Spring,Morning,Rural,False,False,0
803,2025-01-28,29.76,90.69,1005.98,23.21,6.74,6.02,769.68,73.64,South,Winter,Evening,Rural,False,False,1
804,2025-10-15,17.64,82.52,1010.8,24.49,8.46,2.13,622.59,49.66,North,Autumn,Evening,Rural,False,False,0
805,2025-03-17,9.28,91.36,1018.9,10.87,2.16,6.85,655.5,53.57,Mountain,Winter,Evening,Coastal,False,False,0
806,2025-10-18,16.99,86.18,1015.92,12.53,6.67,2.49,185.72,67.37,South,Autumn,Afternoon,Coastal,False,False,0
807,2025-02-12,25.39,83.13,1006.87,9.3,7.96,4.24,444.88,73.76,South,Winter,Morning,Urban,False,True,0
808,2025-08-10,38.7,74.72,1036.71,9.31,4.07,2.2,504.75,70.64,South,Summer,Morning,Rural,True,False,0
809,2025-07-14,30.53,78.43,1009.16,18.53,0.5,3.07,101.38,65.01,East,Summer,Afternoon,Coastal,False,False,0
810,2025-12-10,22.3,74.28,1008.84,11.2,6.41,4.18,29.68,58.44,North,Autumn,Evening,URBAN,False,False,0
811,2025-02-08,24.94,77.25,1020.62,8.32,7.98,5.94,641.91,50.26,North,Winter,Evening,Rural,True,False,0
812,2025-02-11,15.48,87.83,1010.32,6.9,7.14,6.28,834.87,55.44,South,Winter,Afternoon,Urban,False,False,0
813,2025-04-06,25.15,76.77,1018.85,9.37,5.59,2.92,642.86,55.33,East,Spring,Afternoon,Rural,False,True,0
814,2025-03-25,30.47,86.71,1008.36,7.82,7.42,5.47,636.28,60.73,East,Spring,Morning,Rural,False,False,0
815,2025-02-03,3.14,86.57,1024.32,18.86,2.77,7.09,668.42,59.06,North,Winter,Morning,Urban,False,False,1
816,2025-10-19,18.89,90.99,1006.66,15.14,3.1,2.08,450.81,51.91,South,Autumn,Afternoon,Urban,False,False,0
817,2025-08-25,37.8,62.23,1003.29,20.08,5.65,0.51,431.2,35.19,South,Summer,Morning,Coastal,False,False,0
818,2025-08-11,28.72,90.21,1009.52,12.23,4.85,8.1,107.96,73.93,Coastal,Summer,Morning,urban,False,False,0
819,2025-05-23,19.21,87.7,997.84,21.18,8.16,11.4,1043.47,77.64,South,Spring,Morning,Coastal,False,False,1
820,2025-04-21,31.16,89.36,1013.73,19.95,7.66,5.09,207.73,70.43,East,Spring,Evening,Urban,False,False,1
821,2025-10-17,20.52,88.11,1009.15,17.3,4.79,7.39,2070.01,60.52,Mountain,Autumn,Night,Rural,False,False,0
822,2025-06-14,28.16,78.88,1007.11,12.37,3.52,4.28,45.11,39.33,Coastal,Spring,Evening,Urban,False,False,0
823,2025-02-11,6.51,90.96,1023.82,12.32,7.32,7.22,599.77,84.8,West,Winter,Afternoon,Urban,False,False,0
824,2025-11-14,24.42,89.8,1017.65,7.96,11.0,3.32,260.38,72.62,East,Autumn,Morning,Urban,True,False,0
825,2025-09-16,35.46,72.34,1014.69,13.18,6.42,3.53,808.49,55.97,South,Summer,Night,Urban,False,False,0
826,2025-11-01,30.17,77.37,1029.1,10.56,6.68,1.54,322.99,48.84,East,Autumn,Morning,Urban,False,False,0
827,2025-06-11,24.12,95.67,1007.19,17.98,6.22,10.57,84.75,59.3,Coastal,Spring,Evening,Rural,False,False,1
828,2025-02-02,11.01,91.52,1015.61,20.44,7.86,8.63,2032.11,67.22,Mountain,Winter,Evening,Rural,False,False,1
829,2025-11-25,20.63,87.82,1017.37,17.41,7.31,9.28,104.37,62.13,Coastal,Autumn,Morning,Rural,False,True,0
830,2025-04-23,21.72,100.0,1007.22,19.61,6.05,5.79,126.05,65.13,Coastal,Spring,Evening,Urban,False,False,1
831,2025-01-21,22.87,86.24,1006.94,15.4,9.25,7.8,0.0,64.52,South,Winter,Night,Urban,False,False,0
832,2025-09-19,27.53,90.97,1003.04,15.32,6.7,8.33,300.64,62.83,East,Summer,Night,Rural,False,False,1
833,2025-04-05,22.01,79.65,1018.16,12.91,6.3,0.0,334.99,71.94,North,Spring,Afternoon,Coastal,False,False,0
834,2025-05-10,30.58,82.73,1013.8,20.53,2.15,6.36,1032.93,55.62,South,Spring,Night,URBAN,False,False,0
835,2025-05-27,18.54,82.75,1016.58,16.16,6.31,4.55,87.14,62.09,Coastal,Spring,Evening,Coastal,False,False,0
836,2025-04-21,25.65,90.18,1011.1,12.02,6.72,4.83,277.27,72.04,West,Spring,Afternoon,Urban,False,False,0
837,2025-04-15,15.13,67.51,1018.38,1.68,8.35,0.0,755.24,59.05,North,Spring,Night,Coastal,False,False,0
838,2025-12-21,23.5,86.49,1017.61,22.03,5.8,6.86,224.43,78.28,North,Winter,Morning,Rural,False,False,1
839,2025-09-03,33.11,90.88,1017.55,14.58,4.07,2.04,525.08,66.27,South,Summer,Night,Rural,False,False,1
840,2025-02-15,9.15,78.66,1016.03,19.02,8.43,1.58,678.89,67.28,West,Winter,Evening,Urban,False,False,0
841,2025-05-30,18.61,66.04,1011.41,8.0,7.87,0.29,447.26,53.12,North,Spring,Evening,Rural,False,False,0
842,2025-11-17,11.54,76.81,1022.3,13.96,2.32,0.0,142.88,60.2,North,Autumn,Night,Urban,False,False,0
843,2025-01-22,14.25,81.54,997.82,10.26,5.91,0.26,518.04,47.56,West,Winter,Evening,Rural,False,False,0
844,2025-10-23,30.93,71.7,1020.68,20.67,8.0,0.0,586.1,56.73,South,Autumn,Morning,Coastal,False,False,0
845,2025-02-06,12.79,100.0,1011.04,20.09,1.52,3.81,83.28,75.4,Coastal,Winter,Evening,Urban,False,False,1
846,2025-08-05,24.82,82.69,1012.77,10.32,4.98,2.8,2070.93,44.36,Mountain,Summer,Morning,Rural,False,False,0
847,2025-05-11,28.48,87.31,1010.28,14.52,4.57,2.27,0.94,85.34,Coastal,Spring,Night,Coastal,False,False,1
848,2025-02-17,12.66,79.92,1002.85,20.43,4.75,4.09,264.18,62.01,North,Winter,Evening,Rural,False,False,0
849,2025-02-18,22.58,87.31,1016.52,1.4,3.92,5.97,73.89,69.09,North,Winter,Night,Rural,False,False,0
850,2025-03-31,19.75,84.39,1017.55,13.6,7.55,5.93,1965.95,66.91,Mountain,Spring,Night,Urban,False,False,0
851,2025-04-01,28.36,93.85,1007.28,23.39,5.72,5.8,6.98,75.47,Coastal,Spring,Morning,Urban,False,False,1
852,2025-07-07,28.67,82.55,1018.33,19.41,4.53,2.13,65.95,70.87,Coastal,Summer,Night,Urban,False,False,0
853,2025-09-01,42.47,70.88,1016.87,11.72,8.0,4.53,311.14,43.73,East,Summer,Evening,Rural,False,False,1
854,2025-01-21,12.96,91.82,1016.08,15.28,5.05,10.61,612.1,82.13,South,Winter,Morning,Urban,False,False,1
855,2025-09-03,33.35,97.76,1009.57,16.39,2.81,10.16,0.0,70.31,Coastal,Summer,Afternoon,Rural,False,True,1
856,2025-02-07,11.75,85.33,1025.19,18.07,3.98,5.5,642.74,73.81,West,Winter,Evening,Rural,True,False,0
857,2025-07-20,34.03,77.81,1020.62,10.66,8.56,2.31,28.12,68.3,East,Summer,Afternoon,Urban,False,False,0
858,2025-10-15,25.38,79.03,1011.39,10.89,4.73,1.33,623.65,65.3,North,Autumn,Evening,URBAN,False,False,0
859,2025-08-29,24.6,88.63,1009.21,6.72,8.27,3.89,276.76,54.49,West,Summer,Night,Urban,False,False,0
860,2025-11-19,24.44,83.63,1019.31,9.71,5.86,9.01,145.88,55.8,South,Autumn,Evening,Urban,False,False,0
861,2025-11-03,18.92,78.82,1016.83,12.42,6.38,1.46,358.83,48.66,East,Autumn,Evening,Urban,False,False,0
862,2025-05-07,33.92,83.41,1000.82,18.41,8.31,2.91,453.59,53.46,South,Spring,Night,Urban,False,False,0
863,2025-07-12,31.44,91.19,1019.24,28.47,6.83,5.69,146.07,67.46,Coastal,Summer,Evening,Urban,False,True,1
864,2025-02-25,16.11,87.48,1015.65,17.58,7.2,5.91,370.61,70.26,East,Winter,Evening,Urban,True,False,0
865,2025-01-21,15.29,98.12,1007.59,23.21,4.32,10.83,88.49,89.29,Coastal,Winter,Evening,Coastal,False,True,1
866,2025-03-29,26.05,95.82,1008.65,4.76,2.22,10.42,124.52,81.54,Coastal,Spring,Night,Urban,False,False,0
867,2025-11-09,23.79,81.07,1017.77,17.45,4.9,7.31,249.74,55.86,North,Autumn,Afternoon,Urban,False,False,0
868,2025-11-11,24.08,100.0,1014.32,18.7,7.63,3.75,119.53,72.56,Coastal,Autumn,Night,Rural,False,False,1
869,2025-11-04,21.64,91.78,1009.05,17.93,4.27,8.2,56.63,48.9,Coastal,Autumn,Night,Rural,False,True,0
870,2025-08-20,29.37,100.0,1013.85,15.42,5.2,5.82,101.15,65.09,Coastal,Summer,Evening,Urban,False,False,1
871,2025-03-28,22.3,81.04,1009.2,13.92,7.9,4.64,621.99,62.58,South,Spring,Afternoon,Urban,False,True,0
872,2025-05-31,30.09,60.83,1020.5,15.48,8.92,0.46,530.48,53.65,North,Spring,Afternoon,Urban,False,False,0
873,2025-01-09,18.92,100.0,1015.55,17.34,5.32,6.96,119.61,82.97,Coastal,Winter,Evening,Rural,True,False,1
874,2025-05-20,27.73,86.15,1014.51,18.12,5.91,6.77,493.54,78.48,West,Spring,Evening,Rural,False,False,1
875,2025-02-26,19.94,100.0,1031.86,20.69,5.75,10.08,22.93,74.44,Coastal,Winter,Night,Rural,False,False,1
876,2025-11-07,26.65,82.14,1007.59,14.64,10.6,6.82,878.08,64.12,West,Autumn,Morning,Rural,False,False,0
877,2025-07-31,31.63,84.63,1001.9,15.77,6.46,9.17,450.6,54.13,East,Summer,Afternoon,Rural,False,False,0
878,2025-09-07,32.41,81.26,1007.16,15.59,6.92,6.02,402.91,69.94,East,Summer,Morning,Urban,True,False,0
879,2025-12-01,27.05,95.98,1016.67,9.02,10.82,8.95,90.74,70.07,Coastal,Autumn,Evening,Urban,False,True,0
880,2025-05-19,23.85,66.81,1014.0,9.03,8.54,0.0,747.53,43.01,North,Spring,Evening,Urban,False,False,0
881,2025-09-07,23.88,85.74,1002.34,12.1,0.5,4.71,716.27,79.18,East,Summer,Evening,Rural,False,False,0
882,2025-02-17,21.03,80.14,1018.66,15.51,6.06,5.7,642.99,66.48,West,Winter,Afternoon,Urban,False,False,0
883,2025-02-03,23.62,79.4,1014.97,10.45,7.25,2.82,392.46,54.08,North,Winter,Night,Rural,False,False,0
884,2025-10-23,29.45,87.0,1005.14,10.86,8.37,36.33,388.01,70.19,West,Autumn,Evening,Rural,False,False,0
885,2025-08-11,28.91,91.75,981.93,15.61,1.26,9.98,294.91,89.51,East,Summer,Morning,Rural,False,False,1
886,2025-03-20,21.49,82.03,1005.82,9.59,7.16,2.2,1645.9,60.71,Mountain,Winter,Morning,Rural,False,True,0
887,2025-08-10,28.65,74.8,1017.36,13.03,6.73,7.8,0.0,58.65,North,Summer,Afternoon,Urban,False,False,0
888,2025-06-17,24.89,81.15,1011.16,23.22,7.23,6.04,664.01,79.73,West,Spring,Afternoon,Coastal,True,False,0
889,2025-07-07,38.43,82.76,1012.13,12.6,6.82,6.27,215.44,82.08,Coastal,Summer,Morning,Coastal,False,False,1
890,2025-09-09,33.14,64.43,1009.38,2.18,6.75,0.0,539.48,40.29,North,Summer,Morning,Urban,False,False,0
891,2025-06-23,27.6,80.98,1008.47,20.23,4.89,8.09,6.27,72.5,Coastal,Summer,Afternoon,Rural,False,False,0
892,2025-01-19,20.93,75.0,1012.27,19.31,7.47,3.55,528.75,57.54,North,Winter,Afternoon,Rural,False,False,0
893,2025-12-10,13.97,75.49,1016.05,20.82,7.16,3.45,483.22,59.35,West,Autumn,Morning,Rural,False,False,0
894,2025-12-30,10.33,88.52,1017.3,15.0,2.4,2.35,0.0,64.98,Coastal,Winter,Afternoon,Urban,False,False,0
895,2025-09-07,30.18,93.59,1018.32,21.24,3.39,7.2,89.32,76.65,Coastal,Summer,Morning,Rural,False,False,1
896,2025-09-05,25.95,98.33,1011.8,21.49,7.15,10.78,15.67,74.19,Coastal,Summer,Afternoon,Urban,False,False,1
897,2025-10-30,16.04,80.35,1019.83,16.12,3.59,5.95,523.7,49.57,West,Autumn,Night,Coastal,False,False,0
898,2025-08-19,38.75,88.59,1004.66,18.92,2.66,3.75,329.9,72.68,South,Summer,Afternoon,Coastal,False,False,1
899,2025-02-08,14.51,100.0,1005.64,14.4,0.5,8.21,99.78,61.96,Coastal,Winter,Evening,Rural,False,False,1
900,2025-03-01,12.72,100.0,1009.47,15.63,3.64,8.09,72.97,67.57,Coastal,Winter,Afternoon,Coastal,True,True,1
901,2025-05-13,22.89,82.31,1017.54,20.17,5.42,2.27,469.54,52.06,North,Spring,Morning,Urban,False,False,0
902,2025-05-19,11.75,94.92,1017.92,23.18,7.21,8.02,1305.11,82.64,Mountain,Spring,Evening,Rural,False,True,1
903,2025-04-07,27.0,79.59,1024.66,8.98,6.49,2.55,579.36,60.63,West,Spring,Afternoon,Urban,False,False,0
904,2025-06-24,30.48,93.66,1005.8,19.35,1.84,5.84,97.42,61.73,Coastal,Summer,Morning,Coastal,False,False,1
905,2025-09-11,28.32,79.27,1003.64,23.99,6.94,50.1,408.08,58.28,West,Summer,Evening,Rural,False,False,1
906,2025-02-19,15.92,80.01,1012.49,19.21,7.59,8.09,440.23,53.69,West,Winter,Morning,Rural,False,False,0
907,2025-08-06,35.17,77.75,1008.33,29.13,6.57,5.44,345.22,62.38,South,Summer,Evening,Rural,False,False,1
908,2025-07-28,34.88,77.9,1013.19,11.55,2.33,6.39,308.06,64.62,North,Summer,Morning,Coastal,False,False,0
909,2025-10-23,27.24,78.31,1011.67,25.82,3.29,2.99,739.5,43.6,South,Autumn,Evening,Coastal,False,True,0
910,2025-08-04,37.23,64.9,1024.67,15.13,7.5,0.79,442.37,49.37,North,Summer,Evening,Urban,False,False,0
911,2025-05-07,27.9,83.66,1000.83,9.83,5.75,4.16,527.35,77.5,North,Spring,Afternoon,Rural,False,False,0
912,2025-05-20,32.62,74.03,1000.82,9.7,6.61,0.0,597.27,39.03,West,Spring,Evening,Urban,False,False,0
913,2025-05-28,19.41,76.85,1012.55,9.91,6.29,2.92,701.21,65.46,South,Spring,Evening,Rural,False,False,0
914,2025-12-31,8.06,95.34,1012.74,14.76,2.15,8.44,580.06,85.1,North,Winter,Afternoon,Rural,False,True,1
915,2025-04-16,30.79,91.61,1017.9,19.55,7.11,6.29,250.89,67.84,East,Spring,Afternoon,Coastal,False,False,1
916,2025-05-05,33.53,89.44,1010.88,15.27,7.6,8.36,816.03,76.49,East,Spring,Evening,Urban,False,False,1
917,2025-04-01,35.62,82.43,1004.51,13.32,4.27,7.3,87.38,67.42,East,Spring,Evening,Rural,False,False,1
918,2025-05-01,27.73,62.55,1028.47,5.06,6.44,1.21,605.69,40.3,West,Spring,Morning,Urban,False,False,0
919,2025-01-11,17.52,78.63,1018.17,11.77,6.38,9.75,897.01,52.77,North,Winter,Afternoon,Rural,False,True,0
920,2025-10-11,22.74,82.82,1020.37,18.56,8.7,4.18,191.44,58.86,East,Autumn,Afternoon,Rural,False,False,0
921,2025-07-02,26.42,76.32,1014.09,16.14,4.99,5.56,462.49,66.45,North,Summer,Afternoon,Urban,False,False,0
922,2025-01-23,26.07,63.87,1026.93,21.45,7.96,3.28,409.36,58.23,South,Winter,Afternoon,Urban,True,True,0
923,2025-03-03,0.81,82.53,1016.08,13.15,8.37,2.79,2084.31,64.89,Mountain,Winter,Afternoon,Urban,False,False,0
924,2025-09-08,23.91,96.15,1019.88,14.64,5.88,2.51,23.41,68.53,Coastal,Summer,Evening,Coastal,False,False,0
925,2025-02-19,0.65,89.58,1017.82,25.8,5.1,7.2,2161.99,84.67,Mountain,Winter,Afternoon,Urban,False,False,1
926,2025-04-15,28.92,84.88,1001.67,18.23,3.77,3.3,12.09,67.87,East,Spring,Afternoon,Urban,False,False,1
927,2025-02-25,16.18,82.4,1007.22,18.05,5.37,3.12,360.59,45.33,North,Winter,Evening,Coastal,True,False,0
928,2025-08-06,28.54,78.49,1007.39,11.19,8.74,7.42,249.95,63.24,North,Summer,Evening,Urban,False,False,0
929,2025-03-01,17.28,99.29,1011.94,8.76,6.79,5.39,22.89,82.82,Coastal,Winter,Afternoon,Urban,True,False,0
930,2025-11-07,21.11,88.68,1017.19,21.63,6.48,7.69,557.84,49.43,West,Autumn,Morning,Urban,False,False,0
931,2025-04-23,27.63,95.07,1006.04,18.03,4.5,6.58,83.54,60.32,Coastal,Spring,Evening,Coastal,False,True,1
932,2025-01-13,16.09,97.67,1009.86,21.05,7.62,7.36,64.41,69.28,Coastal,Winter,Morning,Urban,False,False,1
933,2025-11-19,16.07,91.34,1019.17,15.13,3.7,2.47,38.64,66.67,Coastal,Autumn,Evening,Urban,False,False,0
934,2025-09-09,28.75,77.91,1009.95,16.66,4.57,2.98,399.03,55.35,West,Summer,Night,Urban,True,True,0
935,2025-05-06,24.45,84.11,1012.64,10.18,7.11,6.58,634.81,70.73,East,Spring,Evening,Urban,False,False,0
936,2025-10-23,25.44,96.65,1015.68,14.53,4.64,8.22,697.96,81.19,East,Autumn,Evening,Rural,True,False,1
937,2025-09-27,29.99,84.08,1016.98,73.94,2.79,7.82,676.24,73.02,South,Autumn,Morning,Urban,False,False,1
938,2025-05-08,21.56,72.13,1022.52,11.82,6.43,1.88,594.12,66.93,West,Spring,Evening,Rural,False,False,0
939,2025-06-07,28.23,89.08,1003.52,19.93,3.13,9.05,279.3,66.98,East,Spring,Evening,Coastal,False,False,1
940,2025-11-20,25.39,78.85,1023.1,15.09,2.05,6.1,516.76,61.48,East,Autumn,Evening,Urban,False,False,0
941,2025-01-12,11.37,100.0,1016.25,4.65,0.5,7.37,0.0,71.09,Coastal,Winter,Morning,Rural,False,False,0
942,2025-05-22,25.76,91.53,1011.76,16.57,4.68,6.24,385.98,67.38,South,Spring,Evening,Urban,False,False,1
943,2025-07-01,26.78,81.82,1016.35,12.7,5.5,0.0,487.4,54.83,South,Summer,Night,Urban,False,False,0
944,2025-10-31,19.93,74.9,1006.75,19.91,8.24,3.68,449.75,53.37,North,Autumn,Morning,Coastal,False,False,0
945,2025-06-17,28.56,91.59,1020.76,7.43,5.21,3.15,2789.62,68.52,Mountain,Spring,Afternoon,URBAN,False,True,0
946,2025-03-07,21.94,94.4,1012.77,13.71,3.59,5.1,35.57,67.85,Coastal,Winter,Morning,Coastal,False,False,0
947,2025-12-15,19.42,95.82,1014.46,17.41,4.75,8.36,668.46,81.29,South,Autumn,Evening,urban,False,False,1
948,2025-03-13,15.06,95.05,1015.25,13.39,0.54,4.82,43.15,80.41,Coastal,Winter,Evening,Urban,True,False,0
949,2025-05-31,11.26,78.59,1020.34,16.01,9.55,4.22,495.39,81.83,North,Spring,Night,Urban,False,True,0
950,2025-01-10,5.43,100.0,1007.67,27.93,5.8,7.2,2146.81,60.82,Mountain,Winter,Morning,Urban,False,True,1
951,2025-04-19,25.74,80.2,1019.04,11.24,7.12,1.08,582.35,70.14,North,Spring,Night,Rural,False,False,0
952,2025-09-26,20.6,91.61,1030.51,19.34,6.32,2.44,50.15,84.39,Coastal,Autumn,Evening,Urban,False,False,1
953,2025-09-28,25.85,77.23,1006.06,21.21,8.7,4.76,82.98,62.36,North,Autumn,Morning,Urban,False,False,0
954,2025-01-09,17.8,92.25,1014.63,17.73,3.32,4.04,42.39,78.01,Coastal,Winter,Night,Coastal,False,False,0
955,2025-11-04,18.82,86.35,1015.27,13.04,4.62,5.02,93.76,51.56,Coastal,Autumn,Afternoon,Urban,False,False,0
956,2025-04-10,5.62,94.46,1010.8,21.54,1.87,8.08,2572.48,73.39,Mountain,Spring,Morning,Urban,False,False,1
957,2025-07-23,27.49,79.97,1021.6,9.18,6.88,5.21,0.0,47.69,West,Summer,Afternoon,Urban,False,False,0
958,2025-09-24,18.87,88.3,1006.21,23.95,0.5,8.6,0.0,87.69,North,Autumn,Morning,Coastal,False,False,1
959,2025-01-16,19.81,78.27,1008.34,11.42,5.29,0.99,406.0,74.21,West,Winter,Night,Rural,False,False,0
960,2025-08-07,28.22,81.72,1001.03,15.86,2.26,3.43,658.69,64.88,North,Summer,Afternoon,Rural,False,True,0
961,2025-06-09,23.38,100.0,1020.69,7.22,6.93,11.57,154.22,77.3,Coastal,Spring,Night,Rural,False,False,0
962,2025-07-18,31.97,92.28,1017.79,17.71,3.56,11.53,356.49,75.16,East,Summer,Morning,Rural,False,False,1
963,2025-06-14,21.13,80.29,1010.61,11.74,4.23,2.49,331.92,61.88,North,Spring,Evening,Urban,False,True,0
964,2025-03-25,24.18,90.17,1008.08,13.89,2.13,4.97,519.55,68.45,North,Spring,Morning,Rural,False,False,0
965,2025-07-16,30.06,79.85,1016.18,13.67,6.14,3.29,2421.5,53.16,Mountain,Summer,Evening,Urban,False,False,0
966,2025-06-10,40.86,81.28,1011.73,19.95,4.71,0.0,567.12,51.92,South,Spring,Afternoon,Rural,True,False,1
967,2025-04-23,25.5,100.0,1010.8,13.4,2.35,8.32,65.71,79.95,Coastal,Spring,Afternoon,Urban,False,False,1
968,2025-03-28,31.9,89.34,1016.7,9.67,7.16,6.84,76.25,62.24,Coastal,Spring,Afternoon,Urban,False,False,0
969,2025-10-01,25.86,81.84,1016.33,100.11,6.87,5.36,597.8,61.86,North,Autumn,Morning,Coastal,False,False,1
970,2025-09-23,12.74,80.67,1018.16,8.6,9.39,4.61,1130.28,44.58,Mountain,Autumn,Afternoon,Coastal,False,False,0
971,2025-04-01,32.63,75.53,1009.25,20.89,2.9,4.43,60.94,57.08,West,Spring,Night,Urban,False,False,0
972,2025-09-12,34.27,69.9,1021.25,20.23,9.17,1.78,462.58,47.07,South,Summer,Afternoon,Urban,False,False,0
973,2025-07-21,30.49,90.66,1002.47,30.94,7.59,5.42,56.4,70.92,Coastal,Summer,Morning,Urban,False,True,1
974,2025-08-22,30.66,100.0,1010.1,7.33,4.56,8.32,149.58,58.85,Coastal,Summer,Morning,Coastal,False,False,0
975,2025-01-18,6.58,86.72,1017.46,75.97,5.23,1.27,1794.25,89.37,Mountain,Winter,Afternoon,Urban,False,False,1
976,2025-02-13,14.56,80.46,1016.39,4.08,7.37,6.85,249.49,52.25,South,Winter,Afternoon,Urban,False,False,0
977,2025-10-04,22.3,94.02,1008.76,12.53,6.3,0.57,144.78,73.41,Coastal,Autumn,Night,Urban,False,False,0
978,2025-09-16,38.22,87.73,1002.33,20.18,7.12,8.47,1206.75,80.93,East,Summer,Evening,Rural,True,False,1
979,2025-05-02,22.17,73.76,1006.9,3.77,6.86,0.0,418.63,44.22,East,Spring,Night,Rural,True,False,0
980,2025-06-25,37.75,87.9,1017.74,8.64,5.49,4.3,96.98,71.58,Coastal,Summer,Afternoon,Rural,False,True,1
981,2025-10-22,25.55,81.12,1016.62,28.73,1.26,3.16,59.06,57.77,Coastal,Autumn,Night,Urban,True,False,1
982,2025-09-05,35.99,77.74,1011.58,18.03,5.76,5.19,391.16,55.18,North,Summer,Evening,Urban,False,False,0
983,2025-12-30,8.0,100.0,1007.14,16.51,1.9,11.55,295.47,89.45,East,Winter,Night,Rural,False,False,1
984,2025-12-12,23.22,96.19,1010.37,22.47,0.96,6.54,62.51,78.14,Coastal,Autumn,Evening,Rural,False,True,1
985,2025-04-18,29.9,87.02,1023.62,22.2,5.74,7.4,610.65,78.31,East,Spring,Afternoon,Rural,False,False,1
986,2025-06-12,23.38,82.21,1012.29,20.07,3.14,3.84,355.83,77.8,North,Spring,Morning,Rural,False,False,0
987,2025-03-04,9.02,100.0,1002.11,9.22,5.14,7.78,56.5,81.11,Coastal,Winter,Evening,Urban,False,False,0
988,2025-08-02,25.71,70.39,1025.13,3.2,6.86,0.0,533.83,48.86,North,Summer,Night,Rural,False,False,0
989,2025-05-24,23.09,87.9,1025.51,12.87,4.35,9.15,331.79,63.31,West,Spring,Afternoon,Urban,False,True,0
990,2025-01-14,19.21,87.34,1001.69,25.59,6.13,4.68,579.66,60.63,North,Winter,Afternoon,Urban,False,False,0
991,2025-06-16,25.53,94.22,1011.96,17.07,5.94,10.51,50.2,70.4,Coastal,Spring,Morning,Urban,False,False,1
992,2025-09-09,26.36,85.97,1010.98,20.88,4.62,9.0,188.32,64.35,North,Summer,Night,Urban,True,False,1
993,2025-12-27,12.44,85.32,1021.75,13.14,6.2,3.55,6.71,58.07,North,Winter,Afternoon,Urban,True,False,0
994,2025-06-06,35.26,85.22,1017.64,20.48,3.9,2.77,597.0,66.22,West,Spring,Evening,Urban,False,False,1
995,2025-02-14,17.54,100.0,1008.0,21.62,4.29,15.28,43.66,75.89,Coastal,Winter,Afternoon,Urban,False,False,1
996,2025-12-09,29.79,84.42,1020.44,15.11,6.68,9.64,113.01,60.09,Coastal,Autumn,Night,Urban,False,False,0
997,2025-04-22,8.97,75.24,1029.47,10.54,5.88,4.04,1284.08,50.0,Mountain,Spring,Afternoon,Rural,False,False,0
998,2025-10-27,12.2,79.0,1022.25,22.43,9.11,2.9,661.74,75.38,North,Autumn,Afternoon,Urban,False,False,0
999,2025-11-27,23.74,78.56,1017.58,19.58,5.9,4.26,201.58,75.87,East,Autumn,Night,Rural,False,False,0
1000,2025-08-13,33.37,65.58,1011.41,16.27,8.27,0.0,158.49,48.57,North,Summer,Morning,Urban,False,False,0
