Record_ID,Observation_Date,Temperature_C,Humidity_pct,Pressure_hPa,WindSpeed_kmh,Visibility_km,Precipitation_mm,Elevation_m,CloudCover_pct,Region,Season,TimeOfDay,Station_Type,Cold_Front,Storm_Alert,Target_Column
1,2025-03-10,3.670809367830337,63.47895398776246,1016.6966005176847,16.54772077278235,8.23343851136522,0.0,200.40512660203564,60.546565147886945,East,Winter,Night,,False,False,0
2,2025-05-17,18.71797292089642,51.932800182574255,1029.213034510484,9.194079235888296,8.668598856106522,0.1301125506559105,0.0,,South,Spring,Afternoon,Coastal,False,False,0
3,2025-09-11,11.292603311837405,61.96271354452493,1006.9960300272274,2.8702968398803232,14.54865042721076,0.0,0.0,68.75493309029513,Mountain,Summer,Morning,urban,False,False,0
4,2025-06-20,41.324223460410884,24.522992574073974,992.0847691947408,14.894907104176118,1.421386420745554,0.0,681.0347657684993,,Mountain,Spring,Night,URBAN,False,False,0
5,2025-07-26,14.708168033638632,65.393911937503,1001.1149575668127,11.237248745995135,6.671820705719844,0.0,,62.08294294429362,Coastal,Summer,Night,Rural,False,True,1
6,2025-12-27,27.999471134502507,40.33931542627385,1002.8178838059781,9.553357613991388,9.053577773717887,1.8769888456939556,899.0900698261445,31.112027915072055,Mountain,Winter,,Coastal,False,False,0
7,2025-08-24,32.37681210914289,40.21723618062761,1002.9790748663539,6.8212665492696765,3.5945195906012595,3.9488899158892465,1859.6884802646568,20.259614105516054,East,Summer,Afternoon,URBAN,False,False,0
8,2025-09-04,28.894283496286942,41.41433427663474,1015.939665303744,24.016395467973357,5.194280480007378,0.2665506227300456,76.43764337456986,46.770899880480975,,Summer,Evening,Coastal,False,False,0
9,2025-10-09,2.866100949470752,61.65234314484606,1017.2819180703165,1.3680881698216787,8.933856310467249,0.0,989.0483836720537,32.84585882563454,North,Autumn,Morning,Coastal,True,False,0
10,2025-02-26,21.87044191228193,50.39469873036048,1011.7870615234433,19.689289742490452,7.757778191839194,7.388060085234162,,22.335949978659645,South,Winter,Evening,,False,True,0
11,2025-08-04,22.21342144476199,48.82011734709354,1012.7186719716506,27.945567137809956,15.703855808058059,0.0,0.0,55.83464522047309,South,Summer,Night,urban,True,False,0
12,2025-09-17,14.529132592079534,51.08819059185705,1017.0042621827733,36.42949284022316,,0.0,645.435212064529,62.472392625467656,South,Summer,,Coastal,True,False,0
13,2025-01-25,13.139078105516536,82.03703195242451,,32.5911432903416,7.879609985074992,0.0,498.839830311478,73.99446643880727,Coastal,Winter,,URBAN,False,False,0
14,2025-03-29,29.49650873312166,32.579049366543444,1015.0949427200121,4.024396061432984,9.951215681546659,0.467451998797458,1136.3995930536066,33.99013131190606,Coastal,Spring,Afternoon,Coastal,True,False,0
15,2025-09-13,33.682560650205474,,1007.6836912212045,18.745118471649832,11.268203251628321,4.939122225447109,789.4698195849801,20.635916464489807,North,Summer,Night,urban,True,True,0
16,2025-10-08,8.494390025848954,84.4004941356686,1009.4548499758232,6.500194414280717,10.18485114893005,1.6005696581201194,461.24440817696103,68.16526659564452,North,Autumn,Afternoon,Rural,False,False,0
17,2025-07-08,17.39476564074941,64.25560954382046,1014.7848338260534,,8.877327649796984,0.0,0.0,55.64566679087991,Coastal,Summer,Evening,Urban,False,False,0
18,2025-03-17,24.32358927072242,46.498628443202605,1002.5381977307534,5.7549249550735535,5.18880939655836,2.7058110516759997,540.7391869768545,42.609104261232964,,Winter,Evening,,False,True,0
19,2025-02-25,24.322836278733874,,1024.8832010586916,15.926344562787028,9.244177508964826,0.8081612291137135,628.6808055217427,23.45678996230366,South,Winter,Night,urban,True,False,0
20,2025-02-22,-3.73976042499185,87.24671375919309,1016.4788463636435,5.613309962248664,9.579023132640579,,375.4567417717767,64.58961161756527,South,Winter,,Urban,True,False,0
21,2025-11-02,15.743424649407622,70.41399753773966,1010.6580664525201,16.734214102578637,6.328968939864624,3.762021528141238,62.21256092009611,63.52984059964661,Coastal,Autumn,Night,Rural,True,False,1
22,2025-05-07,8.154363685599817,81.7108016010618,1024.3270351275862,22.130069834236238,11.30420059829541,3.5750118677295046,271.60483167159816,80.84917030020975,Mountain,Spring,Morning,Rural,True,False,0
23,2025-06-05,20.12033412077282,,1001.8904809588413,5.644574984504615,9.77158061015992,1.1564573962252325,717.7152561744083,38.31764688443306,South,Spring,Morning,Urban,True,True,0
24,2025-07-03,0.09191949292084445,74.76991880732389,1018.3455149918484,22.779126350474513,8.335175540685613,,851.4286604534855,61.868073326612226,Coastal,Summer,Afternoon,Rural,False,False,0
25,,14.285435617349245,82.9616590884208,1024.0595231836974,28.659826961427008,10.563093546828313,2.1385811652072184,1388.3232870978177,57.47587468219156,Mountain,Autumn,Afternoon,urban,,False,1
26,2025-12-08,20.29455916842941,75.10585183269413,1009.397129027816,7.07689499506077,5.938899479341384,1.6054017668112623,0.0,72.03405180848662,North,Autumn,Evening,urban,True,True,0
27,2025-08-02,21.932472855083244,56.16425721022638,1009.2255842180194,5.160519964267609,6.636810041628308,0.0,980.4764512758633,44.89288184558484,West,Summer,Afternoon,URBAN,True,False,0
28,2025-06-12,5.53294278844146,69.49187019908726,1001.7185320385421,19.605236099173375,7.742157911554174,0.0,0.0,60.02199754724606,South,Spring,Night,Rural,False,False,0
29,2025-05-21,26.933677649117804,51.236371655015006,1024.964565844012,8.578541798616186,6.2405634625748085,0.0,0.0,39.29393848173405,South,Spring,,Rural,False,False,0
30,2025-08-26,3.6796425663349517,60.028157585749646,1029.1682540377103,2.7176496526846154,6.315721440266136,0.0,498.4274327292535,,West,Summer,Morning,Coastal,False,False,0
31,2025-09-21,27.076516846841546,41.99116913578321,1022.7439503117772,14.651557192354211,9.9412402722761,1.2388339957337982,1289.4345314156496,46.52932715648182,North,Autumn,Afternoon,URBAN,False,False,0
32,2025-08-16,24.401548684920684,48.49758120154231,1024.250471183631,0.0,10.47976428525274,0.0,1044.1470606618914,29.874513808140286,West,Summer,Night,urban,True,False,0
33,2025-03-02,15.700020697589181,54.61609245885901,1005.5846030216107,22.065087021787804,11.561339391187367,0.0,368.0490714399589,42.82725957358559,Mountain,Winter,Afternoon,Rural,True,False,0
34,2025-05-20,13.692568802877355,78.65045644322812,1017.3035219873198,7.439117644341957,11.793926358237826,0.0,777.8798210040509,80.91556182997017,East,Spring,Morning,urban,False,False,0
35,2025-02-25,21.821136419035696,55.28894891680817,1011.8168326994371,14.449509211144438,6.7087712959639685,4.301560062677825,360.42115949283686,23.854103710589627,North,Winter,,URBAN,False,False,0
36,2025-09-28,17.702780377586173,64.4397283662131,1011.514981497677,7.7214811566699595,5.351177313930057,0.0,407.6308734539165,,North,Autumn,Night,Coastal,True,True,1
37,2025-11-03,17.16227106635468,44.137572189591914,1012.2785291720174,9.72149042224574,11.602833022252767,0.0,0.0,30.39138992331752,Coastal,Autumn,Evening,urban,False,False,0
38,2025-09-27,29.92656609152438,50.27827963565023,1005.7133394292841,18.662735618967766,10.558065393456866,0.0,370.00247336837185,8.398984216468058,Coastal,Autumn,Night,urban,False,False,0
39,2025-07-28,18.954557181097858,53.105058711779776,1014.4517429331869,7.081216201836172,7.761437393226528,1.8640452010143305,1429.5196870697673,54.65497268975986,North,Summer,Evening,Coastal,False,False,0
40,2025-05-13,8.833010367536133,68.02153788686925,1022.1733045145378,17.689363286796226,7.896256392630894,0.0,0.0,75.34150945651776,North,Spring,Afternoon,Urban,False,False,0
41,2025-04-17,12.754955953552848,62.50374722876493,1011.4824707746882,17.605247097091304,5.932309576691489,0.0,134.50317770118716,38.345560451915716,West,Spring,Morning,urban,True,False,0
42,2025-10-12,18.301297899888997,72.97017322880279,1014.1512794151789,25.201192713241042,10.483252896879499,5.0515716080372535,859.1970603063986,53.00340400509133,South,Autumn,Afternoon,Urban,False,False,0
43,2025-08-10,26.900154761386105,49.39683920172143,,18.082367927030642,7.326991836523831,0.0,0.0,29.952816246812375,Mountain,Summer,Afternoon,URBAN,False,False,0
44,2025-03-12,28.470710997847867,44.556029025066564,1010.0308880848353,22.532027394159183,9.522155793227503,1.356253450982569,405.7569936130384,29.43272365125855,South,Winter,Evening,Coastal,False,False,1
45,2025-11-02,36.53106950570899,47.21094408301037,1009.1975843382211,6.464535937200301,3.263652889828612,0.0,992.1895513931796,26.658524544527587,West,Autumn,Evening,Urban,False,False,0
46,2025-04-30,10.261610044370045,66.09535175195919,1015.8430849843454,20.065308652116244,,0.0,137.05680656748171,51.11210099321515,Coastal,Spring,,Coastal,False,False,0
47,2025-01-24,,57.28376219913888,996.3586896172181,17.059973623768247,9.424746765913438,0.0,618.191047484746,55.63628938614032,Coastal,Winter,Afternoon,Urban,True,True,0
48,2025-01-30,12.966582849391491,60.59651898825082,1023.2049729087324,20.5700890609505,7.831510078832391,0.48317014546140263,0.0,46.38245454415212,North,Winter,Evening,Urban,,False,0
49,2025-03-08,19.484487118108383,43.18419201783185,1019.6704395861241,5.2668892307008175,4.740747767525724,,1343.8988118832085,29.103940676502987,South,Winter,Morning,URBAN,False,False,0
50,2025-11-06,15.427167390806755,48.14819153055204,1030.0344528406313,11.6552750845946,4.432215006185583,0.0,322.45460337715934,20.086265583923975,Mountain,Autumn,Morning,Rural,False,False,0
51,2025-05-09,21.98069548026625,60.46359693455148,1018.0314749969681,16.94504501440448,7.181824174866018,0.39699090766952505,,25.346376349670372,East,Spring,Evening,Urban,False,True,0
52,2025-08-15,9.097713725297341,48.48207857802112,1014.440095527992,0.0,3.3779938962648144,,442.9874837910214,49.77059053125785,South,Summer,Evening,Urban,False,,1
53,2025-03-08,19.367450359960614,68.26647735550631,,23.082846864386596,12.780567376618375,3.2076924657234267,93.18177220542697,58.09143290851472,Mountain,Winter,Night,URBAN,False,True,0
54,2025-09-26,35.897077228696645,44.08451986927527,1019.3161376219866,4.287161500181902,1.7654962740108697,0.0,744.3027406304751,23.23742888642068,North,Autumn,Evening,Coastal,False,True,0
55,2025-10-22,27.76195010629241,55.14139844874072,1015.9924119969043,5.582197315007887,5.715889188262137,1.3011561659605888,358.43589303663964,69.82010777430008,East,Autumn,Morning,URBAN,True,False,0
56,2025-06-17,10.171818717841122,61.000971869098706,1011.3715740073291,23.650953898125206,4.755429039138443,3.719380812365481,0.0,72.48054834908066,,Spring,Morning,urban,True,,0
57,2025-05-09,23.29822881693096,40.13414198004847,1012.840438811197,7.422716068412194,12.028839774509938,0.0,0.0,39.76843499435104,Mountain,Spring,Afternoon,Urban,True,False,0
58,2025-02-27,24.110715449348646,64.14566261787523,1012.6459202693433,12.459464240628822,11.059639223786196,2.200199082014764,471.8437355673463,61.244886819363465,South,Winter,Morning,Urban,False,False,0
59,2025-09-19,21.358427568375525,55.30920129110047,1002.5122989316794,26.438211139775262,7.394628618140836,0.0,1128.3379612237268,32.52568111812098,Coastal,Summer,Afternoon,Coastal,False,False,0
60,2025-04-07,24.794032871292856,38.80865942252862,1024.1174279832615,0.0,7.917087230978633,2.010078920074079,479.19741843833566,3.084453810245911,East,Spring,Night,Urban,False,False,0
61,2025-10-27,11.686858876488847,68.84705773436993,1013.9040113292021,14.93103459998542,12.487866322559771,0.0,30.435897461572097,44.273529831674814,Coastal,Autumn,Evening,URBAN,False,False,0
62,2025-07-30,2.164529699233796,67.44443857881302,,12.632938351441048,6.238189289569338,0.0,271.58074165164146,74.32722483478315,West,Summer,Afternoon,Rural,False,False,0
63,,30.182095421366377,52.214392458779265,1010.6885766402265,106.02017891848922,8.003674436475128,0.0,719.6385583998128,45.72218588567033,North,Autumn,Evening,Coastal,,False,0
64,2025-09-04,21.158561728034172,47.223666775834204,1016.0359975200083,6.316376809996266,9.044247927307815,1.3409266055383797,1600.025969618421,36.36022794345084,,Summer,Afternoon,URBAN,False,False,0
65,2025-09-21,17.574706544113443,,1011.927223454544,22.158428111519527,,0.0,1202.931154335223,27.958275638263473,East,Autumn,,Urban,True,False,0
66,2025-01-14,24.635952999137544,57.80698177452831,1013.56458697965,11.391887335878955,6.860540304557383,0.0,1133.7714601922717,,Mountain,Winter,Morning,URBAN,True,False,1
67,2025-11-30,24.58178859549527,53.44858340144869,,12.280270471786785,7.287335770767026,0.0,453.33819587919123,55.51869268674694,,Autumn,Morning,urban,False,,0
68,2025-12-09,5.685920773399751,74.37288505771033,1005.0057555350814,15.102404151867798,,0.0,990.01044793845,81.04231764819808,Coastal,Autumn,Afternoon,URBAN,True,False,0
69,2025-10-02,17.20348627043974,71.54304931921396,1020.9308184143388,8.848637693622287,9.116727297529772,5.134106294236697,139.8483343257169,76.32136809796116,North,Autumn,Evening,Rural,True,False,1
70,2025-02-21,21.076076929912755,65.07883154647115,1010.763966249137,7.0694199460954055,9.352016477895557,1.443409727661126,0.0,47.518622068712,Mountain,Winter,Afternoon,Coastal,True,False,0
71,2025-09-09,22.123831466459087,65.63702972416655,1005.852615628213,16.33789872590401,6.506450968591499,0.0,,39.82164088442845,East,Summer,Morning,URBAN,False,False,0
72,2025-04-20,15.341524636236208,72.42425233025797,1010.9825569688039,18.667443668419246,9.4708800223477,,1135.197956888965,72.22821615291463,Coastal,Spring,Afternoon,Urban,True,False,0
73,,19.186264766858326,,1019.7743524838271,15.858031412424053,7.055986108703527,0.0,644.5798744923445,71.45865743724617,Mountain,Spring,Evening,Rural,False,False,1
74,2025-06-18,17.19085266445104,64.26989086358643,1016.5763986224746,12.35355346869631,5.524389056860417,0.0,2341.9122393108337,84.23684086962979,South,Spring,Afternoon,Rural,False,False,1
75,2025-07-24,8.927161685025908,78.34834854079686,1011.7195207121938,11.686931883194966,7.81971397746647,1.3773128655657572,1657.222952917239,43.85607982287219,North,Summer,Afternoon,URBAN,,False,1
76,2025-10-23,11.104371307206186,56.69568080369385,1003.8906234706338,,2.9620232189978886,3.9705573006892605,0.0,32.67401261883998,North,Autumn,Morning,urban,True,,1
77,2025-01-11,19.97941412311171,65.96617836491545,1004.1039790026302,13.294514365228867,,0.8017157414771877,0.0,71.57526380613525,East,Winter,Morning,URBAN,,False,1
78,2025-10-24,32.91089026334947,63.66824667810054,1016.2305595244736,30.013729611530238,9.569684397842234,0.0,770.7763175937846,47.966513535513826,Coastal,Autumn,Night,Coastal,False,False,0
79,2025-06-01,11.058653577558886,49.61831658943018,1012.1844040850747,14.378091733881975,14.437431959708213,0.0,134.74486157125403,28.156384625050194,West,Spring,Morning,Coastal,,False,0
80,2025-05-22,,46.35092831447296,1010.9162986051944,13.367315208699877,7.185459613566921,,494.13999351400986,35.85673747013212,North,Spring,,URBAN,True,False,0
81,2025-05-19,22.662171221064703,43.18631628047941,1020.3650203686454,13.527985956137455,3.423155499365591,0.7569514549084776,1251.4593545001917,23.98804436078177,North,Spring,Evening,urban,True,True,0
82,,,,998.4799949369325,0.0,8.140355310690449,0.0,0.0,,,Summer,Evening,Coastal,False,False,0
83,2025-03-15,34.03551119490402,51.92765619932827,1016.8167278375181,11.89799832954402,5.835545098555004,0.0,0.0,61.788474772159375,Mountain,Winter,Morning,Coastal,False,False,0
84,2025-03-31,,66.92111787916932,1013.2245886397778,36.713734342166255,6.927831306936925,1.978190512895963,60.96431583185341,34.76460546548239,South,,Afternoon,Coastal,False,False,0
85,2025-05-17,23.04589998218858,,1010.2635219427405,17.698208061723246,9.165210095730837,0.1937471690391654,918.1424817351422,64.08062848172185,West,Spring,Evening,urban,True,False,1
86,2025-05-11,29.98080771112174,51.19901789840322,1004.2909770025061,5.270648832452876,11.179454108129633,0.0,452.0349205922337,42.181007091707635,Coastal,Spring,Night,urban,False,False,0
87,2025-10-02,43.34265988412577,29.299280692503842,1017.7830570983278,24.476509684899465,4.842631117273821,0.0,887.1655532883437,0.0,Coastal,Autumn,Morning,,False,False,0
88,2025-01-25,10.283593548623603,74.12600072889865,1007.2412473883139,7.909537900979541,10.197300067111492,0.21139205770457076,1991.2665751448376,66.98197065280849,South,Winter,Evening,Coastal,True,True,0
89,2025-06-12,21.836205847317785,42.423420893704524,1027.4033756412368,14.282811829213562,3.61516626003617,0.0,,6.568896337188349,East,Spring,Evening,Rural,False,False,0
90,2025-03-31,22.662198752671117,42.1769499469413,1012.1393132791044,7.810155212825738,9.43688088575986,1.798412027566461,216.25967089767875,42.02417816177349,East,Spring,Afternoon,urban,,False,0
91,2025-10-24,13.533606845467256,61.618228856566674,998.3589676954689,21.977719437576184,4.632453299831665,0.0,192.6883030067964,57.867543088970194,West,Autumn,Morning,urban,False,True,0
92,2025-07-15,,64.47734262570854,1003.1921901544579,8.16167529153573,1.4172375861743074,0.0,693.1324262206542,47.82467229699877,South,Summer,Night,Rural,False,False,1
93,2025-03-15,12.866591504492945,73.82672621901153,1025.731228701655,22.92141248105103,8.85623798519631,3.7146454883669255,226.00331872362477,90.30102726173087,West,Winter,Evening,Coastal,True,True,0
94,2025-06-11,22.858168954012175,60.211086548383,,,10.438532724727363,2.083173317833837,0.0,37.393637083463744,East,Spring,Night,Urban,False,False,0
95,,13.586261334705013,52.903763889291994,1017.1082716180426,5.322197794867101,7.255591776894522,0.0,1131.975388123013,1.9643394846715339,,Summer,Night,,False,False,0
96,2025-12-10,13.916740729620706,51.702087120502,1013.8707326176543,23.177712377913984,7.345041063688992,4.367632191909381,0.0,52.121934344857905,West,Autumn,Afternoon,urban,False,False,1
97,2025-04-20,7.277558798972095,78.18282995074557,1016.1801645276307,8.492520130029508,8.049209310834426,2.223712406805337,471.5107460417109,39.1563909904934,Coastal,Spring,Afternoon,urban,False,False,0
98,2025-09-25,15.341116746984419,67.3195231388714,1007.2298803367476,6.07783274815656,8.388747813958952,0.0,394.06827405124903,61.43306771280384,North,,Afternoon,urban,False,False,0
99,2025-10-26,-10.54011587990194,82.23095146791692,1017.1129639045902,8.09476853338058,13.349616181659648,1.295901066365336,972.8305699157925,54.12814021644107,South,Autumn,Evening,,False,True,0
100,2025-09-02,28.47276930264548,52.15318097613979,1012.9057049520718,0.7530308365933625,4.85454707418673,0.0,721.4481791934509,42.044703104698044,West,Summer,Evening,Coastal,False,False,1
101,2025-10-25,29.87725427134645,58.64316174019062,1030.1804109927923,16.556656585926238,6.509858575060697,2.4594489655199405,,41.92747022244659,West,Autumn,Night,Urban,,False,0
102,,25.918096765704824,53.39219491700551,1010.4790335885336,19.94537548364695,9.34928911715114,0.0,908.2547106037115,51.60983890900988,East,Autumn,Evening,Rural,False,False,1
103,2025-02-02,20.828204809261337,49.85688158937546,1016.3697909863954,2.0205491441384638,6.043773230429586,1.4774662451675362,555.927242407959,33.75176370352116,Coastal,Winter,,Coastal,True,False,0
104,2025-05-15,20.43355373238094,62.19445409581107,1012.5604402906871,12.553692607370424,2.7361540151894603,0.0,651.0431687967343,42.794477110932554,,,Evening,Rural,False,False,1
105,2025-08-15,27.025025607494136,35.89983715836643,1036.4372520570817,20.59384134200571,6.4412624326507855,0.8891404056658438,0.0,17.662365682970947,Coastal,Summer,Night,,False,False,0
106,2025-03-08,31.719438219899004,46.67609077971985,1011.4245812107717,6.282463771016165,8.556986521000995,0.0,0.0,46.01950328162685,West,Winter,Evening,urban,False,False,1
107,2025-09-08,27.486901762225923,53.54938506466424,1011.9710168286621,14.65161650869114,8.116471852918123,0.0,565.6283518890389,39.890290808646,East,Summer,Afternoon,Coastal,True,False,0
108,2025-07-20,23.671286123662586,53.726837155881356,1008.7234193429439,12.120271115846075,2.64489468936962,0.0,0.0,33.617282011189936,South,Summer,Night,Urban,False,False,0
109,2025-11-14,30.167378235974866,46.717041397874375,1011.0705654868212,7.917361426305056,10.799167407330142,1.4055273717601284,175.68781020424956,10.869102273947924,,Autumn,Night,URBAN,False,False,0
110,2025-08-19,,58.17733026177707,1011.3049079330196,29.70358969247083,6.376072134304382,4.839998541371222,0.0,59.497315605168396,South,Summer,Morning,URBAN,False,False,0
111,2025-07-02,21.213362159777674,67.79877118315788,1007.3119606165591,0.0,6.606798948008606,0.0,20.27570945855757,68.52102292808493,West,Summer,Evening,,,False,1
112,2025-07-13,29.045367159901843,51.616496509462905,1001.0833822148379,7.5227213868905105,9.408060265923707,0.0,764.1102496738779,45.34079469399937,Mountain,Summer,Morning,urban,False,False,0
113,2025-06-24,22.79923925575993,81.22153553898443,1011.4451371017201,10.157396781428275,8.36147917903068,0.0,0.0,64.79951114297741,South,Summer,Night,URBAN,False,False,0
114,2025-04-12,13.927774567049665,66.83507348738826,1018.7299202950684,16.556828635751906,8.754776047595216,4.680667778262511,0.0,71.21681485489039,Coastal,Spring,,Rural,True,False,1
115,2025-09-12,22.683303442707185,60.798578900548776,1021.5643845674743,14.572831164337048,5.056663317631233,4.518223995732878,0.0,53.09445360818524,North,Summer,Evening,URBAN,False,False,0
116,2025-02-14,,56.76270318923071,1015.0066890485223,,2.979753909634889,0.0,,39.638547868318724,Coastal,Winter,Morning,Urban,False,False,1
117,2025-05-30,44.494531743590045,25.44326855501308,1013.5797743515736,15.265320270962569,12.504325063348467,1.8424951002769152,633.3241912440833,11.005232582884046,North,Spring,,Rural,False,False,0
118,2025-08-29,22.58019996295014,63.8955578862891,1007.2182589316602,13.094623200754883,8.213382953908498,2.0529345609419893,835.9666612873882,46.6763282534811,West,Summer,Night,Urban,False,False,1
119,2025-04-05,15.567459141316622,61.3896320010222,1015.2727650216291,20.238613907219516,6.185695566579529,,985.6378328256908,56.090689672703135,Coastal,Spring,Morning,Coastal,True,True,1
120,2025-06-26,24.037448690036385,56.31922947314803,1014.7697233873051,,8.409180127654938,0.9473917301758084,1413.377977792559,54.38566447733103,North,Summer,Afternoon,Rural,False,False,0
121,2025-01-17,17.22542872151813,43.42964601447669,1009.5531048250224,21.685237284160046,8.614883862850704,0.0,895.7862783119904,22.521254133267767,West,Winter,Morning,Coastal,False,False,0
122,2025-06-25,31.54482239615138,41.52164474239726,1015.3392331736987,17.032157831174167,9.837667442735942,0.0,0.0,24.720046702854958,Mountain,Summer,Evening,Coastal,False,False,0
123,2025-08-30,10.406337045760889,64.99641836375703,1010.8045884982118,21.421824183958975,10.64559257966528,2.7046698554193487,447.4098380230245,46.02653182687544,West,Summer,Afternoon,urban,True,False,0
124,2025-07-02,16.241570416504313,56.15779510473776,,9.581313662475768,4.586614744707592,1.6494210864320897,1510.0878203547354,24.272288048959908,Coastal,Summer,Evening,Urban,False,False,1
125,2025-01-24,19.025948371290312,52.32892173508401,1000.3355603215583,31.1173533620044,1.9435104449536418,0.0,1157.0978146275843,21.95433575032789,West,Winter,Evening,Rural,False,False,0
126,2025-05-19,31.845534654232605,,1013.8589161460266,12.26016974814282,9.33888576696197,0.0,85.96339781683804,23.762381024526103,,Spring,Afternoon,Rural,False,True,0
127,2025-03-11,22.02325255725228,68.08671508179707,1012.5059982012002,19.736566803331325,11.484681218782438,1.7864905263395374,0.0,56.25500040125194,West,Winter,Night,Coastal,False,False,0
128,2025-07-02,26.069915074160754,70.16045034392154,1012.0287878073902,20.68640760711903,11.232842997443345,4.045028409156032,1185.8147028476142,62.457820051183774,North,Summer,Evening,Urban,False,,0
129,2025-02-14,6.3752887313085775,74.17070542868612,1009.1420540808529,12.136768877193665,5.948369141820021,0.0,129.61048408882232,30.889020981092614,South,Winter,Night,URBAN,True,True,1
130,2025-10-14,13.226141266063895,,1001.209242051045,14.170841021297285,12.079143602730548,0.0,302.06986101046937,74.95207361387072,Coastal,Autumn,Morning,Coastal,False,False,0
131,2025-12-04,14.622181835891876,,1030.4582204970316,13.87444991624362,8.354714261954216,2.314073973147957,997.916251746555,17.710461985317977,Mountain,,Night,,,False,1
132,2025-08-09,7.509930179756308,73.81004542967078,1010.5794894692323,28.462240331500233,7.322072197295115,0.0,409.84449202638746,75.12083067887622,North,Summer,Afternoon,Rural,True,False,0
133,2025-12-23,27.05236519578536,45.213451662514004,998.6356639866535,19.74243964823131,10.201125554612819,0.0,,23.984008520684863,Coastal,Winter,Morning,URBAN,False,False,0
134,2025-09-24,23.597626490159705,42.76640111973067,1011.6947342655955,15.02317288606561,4.353179273465301,0.0,482.1024652028977,23.75751840296557,West,Autumn,Morning,Rural,False,False,0
135,2025-12-06,1.3085741186233761,67.31163438907177,997.8586817000933,20.790924546592713,8.544332964982736,,665.088550218296,55.38359835388504,South,Autumn,Evening,urban,False,False,0
136,2025-11-09,33.57443773976067,52.45521872109638,989.3425683867042,13.580043909539956,9.538062928200006,0.0,359.72363531303085,88.59497121094249,South,Autumn,Afternoon,URBAN,False,False,0
137,2025-08-28,7.764398552053457,,1018.3428974250479,24.68668034403494,11.8589550789244,0.0,614.1400037849503,49.20993355559591,North,Summer,Morning,Rural,True,False,0
138,2025-04-02,12.069388997449238,57.07035783275202,1016.4305296423543,7.063454596019842,8.510606764601244,0.0,452.5023089285561,40.38804451584553,South,Spring,Night,Coastal,True,False,0
139,2025-01-19,-0.6843442384029963,61.93383352146892,1005.1942257590346,10.017099450223077,7.2966364109025506,2.6881556353436364,544.4952081339154,23.145090255994184,South,Winter,Morning,URBAN,True,False,0
140,2025-10-09,22.463336038062174,75.34421386122494,997.3473732508486,21.01628721917153,8.801019432859135,1.262722449503633,0.0,72.19998287493462,East,Autumn,Morning,urban,,False,0
141,2025-11-11,19.352284855443518,47.13805424664423,1015.6652370036006,,12.055520465459468,0.0,671.5120191867654,64.17995167437621,South,Autumn,Night,urban,True,True,1
142,2025-03-19,32.78935200481342,46.9121359918487,1020.4489335965941,11.921176845018454,4.376133349991826,3.093947792417123,197.8262944993346,59.35479156426992,West,Winter,Night,Rural,False,False,1
143,2025-04-03,9.55663345094161,70.05696014914618,,12.648026989049791,5.7353569520849526,5.121149319743327,1232.3847547390806,,West,Spring,Evening,URBAN,False,False,0
144,2025-07-21,29.75626205709464,30.668081497203424,1017.992361212581,23.574262896285376,12.413032670265489,0.0,1000.3650947074473,24.874527265236054,West,Summer,Morning,Rural,False,True,0
145,2025-11-04,7.854424132108415,59.43120225191838,1001.1821540756697,22.621364000261657,9.499240678087595,0.0,595.9653684460736,64.33757110287738,West,Autumn,Afternoon,Urban,False,False,0
146,,22.901129403497293,42.15858650251379,1017.6004138948416,11.402541811662717,9.165215703353486,0.0,847.9994087292016,61.25772173870416,North,Autumn,Morning,,True,False,0
147,2025-10-01,24.686123642503727,36.39726017326299,1016.1320084870163,21.59108865686721,6.110297785713194,1.875731582081126,1495.7714817883598,0.31728204398122983,East,Autumn,Evening,urban,,,0
148,2025-03-17,29.676614903821186,59.3270382700017,1015.9375404195702,18.12355144320774,5.3201897678092855,4.608051753394675,345.11858354870515,36.80685843563827,North,Winter,Evening,urban,True,False,0
149,2025-01-18,23.834292756850232,52.90587192855584,1002.9000564197179,12.882498186212743,,2.2169595167207197,1322.6982036637824,67.10105597686072,South,Winter,Morning,,False,False,0
150,2025-05-04,,74.27797840477646,1025.3597081323046,15.392911047274051,13.35924811157496,1.9884931075942842,898.3792880402173,89.1574418312802,Coastal,Spring,Morning,Coastal,False,False,0
151,2025-10-23,,67.43697825945756,1010.7896214014904,11.149727221741236,6.079029130662019,2.008342754507992,502.4176927457989,41.9938716804995,South,Autumn,Afternoon,urban,True,False,1
152,2025-12-09,6.2532248416539495,79.85946584079349,1009.6631886051018,16.302157822867695,10.60744146391621,6.143314581519982,321.9780278817469,69.08918674658382,,Autumn,Evening,Coastal,True,False,0
153,2025-07-11,34.417147721905934,36.76959837978295,1010.8560820923772,13.732698400265066,3.6027815151521487,1.2933179729758382,0.0,23.885781055703802,South,Summer,Afternoon,Urban,False,True,1
154,2025-03-08,21.310805401591608,58.76652014149114,1007.0480012481303,7.99735025558265,8.01104449244694,0.0,277.27928615850846,45.251412175201494,East,Winter,Morning,urban,False,False,0
155,2025-11-26,0.2818135396434265,59.06143166053501,1014.4443454434604,,3.869054528427161,3.88593723482853,377.41445587008116,55.88007134370278,South,Autumn,Evening,Urban,True,True,0
156,2025-02-26,15.050743421130793,49.53957587179091,1021.5045814050898,15.191944506596545,9.282020448167842,0.0,286.2920049150832,,East,Winter,,Coastal,False,False,1
157,2025-11-14,13.035974343998848,64.52520020926741,1026.5838920269014,6.2885424768806,9.122501843840295,0.0,312.06843397974524,56.32983481447705,East,Autumn,Night,Coastal,,False,0
158,2025-12-04,-0.9215634797858705,90.38388299975469,1004.5450379167944,,5.187546028124103,1.435272939681048,505.35616171000186,69.79215961698324,North,Autumn,Afternoon,Coastal,False,False,0
159,2025-05-13,24.855610338881462,47.0136128124465,1029.3693538584735,13.370289269624415,,2.708019008425432,927.9368684891712,49.61429309682065,North,Spring,Night,URBAN,False,False,0
160,2025-01-08,3.344256372857707,67.30005139969079,,12.9623733669405,7.547557177007007,0.11022551547865415,347.2438005634158,95.39898912056563,West,Winter,Night,Urban,True,False,0
161,2025-12-23,11.335089473691596,43.69873465855025,1002.602344168139,18.569877766273233,4.068997675800938,0.0,333.7004722019019,24.957451714056827,North,Winter,Morning,Urban,True,False,0
162,2025-04-13,22.99917113192527,60.45367440174312,1015.3031862023881,12.407538530564722,5.2341652615350265,3.665291129269173,63.5084069441084,45.91650847338572,North,Spring,Afternoon,Urban,False,False,0
163,2025-01-12,-3.5664082000330275,87.60641359857817,1017.6403691471776,8.027552272490873,8.605844939387376,1.2528825474327068,,99.66681578500236,Mountain,Winter,Night,Coastal,False,False,0
164,2025-04-02,21.75981897873417,,1020.1363144396955,12.296344567817464,9.781583520365473,0.0,593.5342487362292,,West,,Night,Urban,,False,0
165,2025-11-10,28.650859277196922,51.17917374457919,1015.0633415059693,2.735162334853797,14.410762958220756,0.0,773.8235364059585,19.28131996685949,South,,Morning,Coastal,False,False,0
166,2025-09-10,7.268592155823274,51.679196126293554,1010.4191270208701,6.834220948994403,6.641750441661108,0.0,537.0416995489886,61.27845031450782,North,,Evening,,False,False,0
167,2025-08-04,21.143710809377538,55.21028572697033,999.9988546264491,24.53461006900137,7.05211268337674,0.47721336009834237,13.274018881985398,55.453739897459066,North,Summer,Evening,Coastal,False,False,0
168,2025-02-24,9.006708954136467,88.09493043876654,1003.7859029783829,11.270350078037994,7.727242696825849,6.734316385034442,160.44426091888278,60.8049724338333,Coastal,Winter,Morning,Rural,False,False,1
169,2025-02-13,-2.123633117269353,90.46313002243762,1023.414847551876,16.844024240631672,11.502132467670236,6.2847616454252435,1186.314403263491,,Coastal,Winter,Afternoon,URBAN,True,False,1
170,2025-02-13,20.002550645377337,60.8432489698469,1006.603092728358,16.889317319249113,12.980825580732969,1.264769558581409,1523.1555142265602,62.558224360197386,West,Winter,Evening,Rural,True,False,0
171,2025-06-17,23.792544028734365,50.153958275083525,1001.621011453793,3.2357671354028703,8.002343230894818,4.077886481258038,1348.8386503152851,38.58779795455535,Coastal,Spring,Evening,Rural,False,False,0
172,2025-01-03,15.776251039468812,55.02101211564292,1009.8213397028276,10.164282999843486,13.870291674662678,0.0,,52.68070229211312,North,Winter,Morning,Rural,False,False,0
173,,23.74534039650566,72.27112740611946,1010.8951771439752,8.426223137627098,8.805403257194031,4.479648533446804,0.0,60.34284478257088,East,Summer,Morning,Urban,True,False,0
174,2025-10-12,6.905880862594518,71.9799935445597,1017.2152315623513,,8.40949840250399,0.5850042860901445,242.16319435330757,78.94483245718233,South,Autumn,Evening,Rural,False,False,1
175,2025-01-06,6.269335349688932,54.927339315061914,1007.927691765211,16.960476709855612,6.2285894658646495,4.046609023777722,1175.450909702858,59.687228596815444,North,Winter,Morning,urban,False,True,0
176,2025-12-09,30.629856692668316,,1011.6292189104208,4.848381111653753,,0.0,0.0,31.046914998012845,South,Autumn,Morning,Urban,False,,0
177,2025-09-22,13.61473491103683,61.50453111059937,1019.4725200643309,15.322041173185092,,3.7473505784469863,1017.3668627402524,38.36854411468701,East,Autumn,Evening,Urban,True,False,0
178,2025-11-13,20.590708033994815,59.72856084223563,1019.6228277729506,,8.586454081391377,2.959408528307283,1207.051065251426,,West,Autumn,Morning,Urban,True,False,0
179,2025-05-20,14.129183921850705,58.87409460018133,1010.3853690509895,22.37642650657837,6.8894805220113104,3.4495942758761586,930.8529721037257,44.01721775322041,East,Spring,Afternoon,urban,True,False,1
180,,21.32393325074026,55.826900572756756,1017.8011483904522,0.49212492526365637,11.86676065261009,0.9862029538682906,132.206163678969,47.29024683508379,Coastal,Summer,Night,Urban,False,False,0
181,2025-02-02,28.287520981397662,59.87870662021826,1001.2507339659506,15.470148123930613,2.594370091394067,2.4331055772426824,517.8644018898003,86.78139588462011,South,Winter,Night,Rural,False,False,1
182,2025-11-14,24.186602198879022,49.92054992459971,,6.6704136626978165,7.616471284347594,0.5681471488950472,,,Mountain,Autumn,Night,Urban,False,,0
183,2025-08-21,17.402389989923893,63.599904000059276,1011.8781760613338,16.891380785967993,10.00858189610694,,93.53462896343461,44.6385048147297,West,Summer,Night,Rural,False,False,0
184,2025-07-16,31.617243019137774,50.74886582039137,1017.5120043995433,19.259365931240943,5.5640165456253765,0.0,122.26974230790364,39.88710723933841,South,Summer,Morning,urban,False,False,0
185,2025-08-20,30.00971353255167,38.74441731016309,,1.6915194028631042,10.775453615454042,2.0913098350245383,1274.0847162038601,39.922433485352514,North,Summer,Evening,Urban,,False,0
186,2025-12-15,14.25198300378073,71.99269584618304,1004.5318225071454,28.005477494258486,8.722568953047533,5.084755838070764,681.6959887759331,59.50468496641167,East,Autumn,Afternoon,Coastal,True,False,1
187,2025-01-21,20.444290066650446,58.50623346984034,1002.1922951170327,12.340784242588866,,4.877589611845505,746.19103596264,83.27333191873556,West,Winter,Night,urban,False,False,0
188,,11.535940599460906,71.04849865001289,1003.3432615935343,18.63691444064585,11.354832018402414,0.6389278735059046,428.1638797524975,45.51159685918103,Coastal,Summer,Afternoon,URBAN,False,False,0
189,2025-03-30,18.88685954682925,69.152238083524,992.9991129030728,17.359389960954914,,0.0,33.42959206568497,67.90287130446985,South,Spring,Afternoon,Rural,True,False,0
190,2025-07-19,37.85006729351866,72.02464290319469,1014.9132260519727,9.206309843818591,13.535289797933885,0.8012404013012332,764.8221641537577,67.53785880057359,South,Summer,Afternoon,,True,False,0
191,2025-01-13,23.03279934543134,56.728440564416346,1000.035176952654,17.275677486490462,9.056116195097355,3.895663832234121,1486.4693380717295,67.26965765350593,,Winter,Night,Rural,True,False,0
192,2025-06-28,30.604231974061477,48.84250378042489,1023.9465673370285,7.5640685332552,6.35328190923358,0.0,834.6565527471676,28.333240866670113,South,Summer,Night,Urban,False,False,0
193,2025-04-01,29.745960177919706,62.8182422338856,1015.1416284002679,,10.055560077440077,,587.8103867494458,73.4700440423595,Mountain,Spring,Afternoon,urban,True,False,1
194,2025-07-24,11.697451438612203,68.82373455370029,1014.8529935922619,5.3141175865327295,10.24265222639697,0.3460375564622189,637.1031743569756,73.49645890342948,East,Summer,Evening,Coastal,False,False,0
195,2025-06-24,31.99301061618189,55.11003919965303,1016.0131178971999,0.0,4.828142482186086,,534.3704338354164,46.82748642185433,North,Summer,Evening,urban,False,False,0
196,2025-05-19,13.658603147454727,44.286054792840844,1008.7321467033461,5.729434511118749,11.200498377443246,0.0,275.51096952626256,35.60143673707788,Coastal,Spring,Afternoon,URBAN,True,False,0
197,2025-05-29,11.767676965205673,76.69864571419443,1014.3385307471221,14.377185617407171,6.099247178819667,0.0,1238.5658916427703,67.86421258549436,Mountain,Spring,Night,Urban,False,False,0
198,2025-12-20,13.868508918966524,54.38620029218181,1011.5878122108915,0.0,8.563498477130143,0.0,1391.8165929238671,31.184291278962604,West,Autumn,Evening,urban,False,True,0
199,2025-05-27,6.301476256760877,67.53991766476271,1015.1598170348169,10.687333766912143,3.653541515885256,0.0,0.0,37.09688444225244,South,Spring,Morning,Coastal,False,False,0
200,2025-06-15,24.79331599075076,62.93515437663598,1030.70007565478,13.545843253137054,11.574037663827685,0.0,0.0,52.48510004945847,West,Spring,Night,Rural,False,False,0
201,,27.623763662681117,63.84551391424181,1012.2438590930038,21.359582223799848,7.986332078804371,0.39910031830456455,1154.466892377208,69.13153870095746,Coastal,Spring,Morning,Coastal,False,,0
202,2025-01-22,20.753866249233173,62.124788336396975,1024.735576459427,9.62892332925492,6.7019931158263235,0.0,495.22185131075713,,South,Winter,Morning,Coastal,False,False,0
203,2025-03-23,8.706661039256096,64.4130273208073,1032.1484960402913,13.07971739043559,5.550366028880657,,992.5338127143143,30.883487841207852,,Spring,Afternoon,Rural,False,True,0
204,2025-01-26,37.48851821877715,39.07123737209529,1010.4038303899558,23.361849462929946,12.423140852832976,0.01828863639765256,462.61288501184583,10.17156623858742,West,Winter,Evening,Coastal,False,False,0
205,2025-06-06,9.030866179634183,53.316936608901415,996.3755474875587,13.98482509766454,10.655831129479775,,432.57206222650575,36.8531099606528,East,Spring,Afternoon,Rural,,False,0
206,2025-06-18,24.867385319674394,51.52240549377324,1014.8666284713687,25.885410556283645,8.71723947374172,5.698012427794866,302.2447307382105,,West,Spring,Night,URBAN,False,False,0
207,2025-09-21,8.508768157375233,92.14187878615608,1014.684596502909,27.941188528085284,6.355324046706818,4.388890269172376,1198.4580891363698,82.30654586126006,East,Autumn,Night,Coastal,True,False,1
208,2025-04-23,27.91537204285845,58.08683031510485,1019.468041006029,20.682712372297537,0.6733044408078062,0.0,587.5040655080161,58.30331422107069,South,Spring,Evening,Rural,False,False,1
209,2025-04-24,19.47691709102132,69.87888087544405,1014.9064497149012,5.271276450742489,4.4095140048947385,5.5062450197322335,694.3813570785057,,South,Spring,Afternoon,Urban,False,False,0
210,2025-04-08,20.753274825266786,57.98577949223501,1004.8610249589468,21.537088530936522,6.762362044892552,0.0,1558.9009991259659,47.90962821176907,South,Spring,Night,URBAN,True,False,1
211,2025-08-12,21.90563852176367,67.6157432534839,1009.2951721199483,20.368837331785098,11.964034452430827,0.7371445191632804,849.8741859444003,54.803212587411004,Coastal,Summer,Night,Rural,False,False,1
212,2025-03-20,19.185891870941216,51.877302037188414,1023.1611809469184,8.784709199296291,6.924789224083351,,1250.9715065320888,31.1337045683618,North,Winter,Night,urban,False,False,0
213,2025-06-02,18.540688108556235,64.4364328988828,1017.2690177987678,6.385468510643367,4.823778579971822,0.4828922225224691,90.75589773177973,53.05334900517755,North,Spring,,Coastal,True,False,1
214,2025-06-21,27.63914970971809,50.6369589647132,1019.3562448244668,9.147020730860982,4.544899912371712,0.0,267.86814648121407,9.327440542224238,South,Summer,Morning,URBAN,True,False,1
215,2025-06-06,37.24443335734914,48.64990614422862,1023.7923638179428,11.923605913945794,4.968228237355085,6.049108510154088,30.38891241811922,56.069411483874575,East,Spring,Afternoon,URBAN,,False,0
216,2025-01-14,28.907565929992145,66.71439681160504,1012.6346049873586,0.558343358856698,6.473104979710543,0.0,629.6664538648411,44.74921122158899,North,Winter,Morning,Coastal,False,False,0
217,2025-12-04,26.300787980533908,58.269593187152246,1015.5512720767321,14.802580271574396,8.409603811424127,3.1008218219757504,,38.96015846798253,West,Autumn,Morning,Rural,False,False,0
218,,,71.05509811437004,1028.2751091640043,10.016489622148498,9.011808576283793,0.0,,68.10709565425329,North,Spring,Morning,Rural,False,False,1
219,2025-08-18,17.072560407531054,52.3210055635935,1012.219969783649,17.546831009300938,9.036652371828103,2.051839321030553,545.0735523105584,46.57620108178395,South,Summer,Morning,URBAN,False,True,0
220,2025-02-19,19.42238856510295,71.94677478475606,1014.5349548148641,19.71602275632425,6.817769497726289,0.0,0.0,75.47998460980872,North,Winter,Night,Urban,False,False,0
221,2025-03-31,41.087261996064605,48.48072520385526,1006.4351401302852,20.039618601517603,8.71023717469024,1.1065041592643439,0.0,44.07515299064987,Coastal,Spring,Evening,urban,False,False,0
222,2025-12-10,17.96433671973708,67.07685796272494,1017.4444074268372,14.214120588774366,6.086251615623831,0.0,388.7164679131377,39.628987883748565,South,Autumn,Afternoon,URBAN,False,True,0
223,2025-06-14,22.760341137873365,70.08843467580981,1018.5075785106602,16.152374729409456,7.847135375716861,2.077854072461661,487.55091842042265,,North,Spring,Afternoon,,False,False,0
224,2025-07-27,21.686551973749108,47.421640690075066,,31.81484320826682,8.728144586316123,0.0,0.0,19.683544362276894,South,Summer,Night,Urban,True,True,0
225,,21.87516447901031,54.331333639885415,1012.6146191927514,15.632436034062957,6.424662245369328,0.0,736.6490148698905,17.390701474215575,Mountain,Summer,Night,Rural,False,False,0
226,2025-08-10,25.345837642759438,47.42216356151858,1029.494028401345,26.38039077646627,,2.3069255255649677,,49.31827284656099,South,Summer,Night,,False,False,0
227,2025-12-19,13.89864062629455,63.74076878358974,1020.4534768805379,23.251116445111347,7.064933993503878,0.0,,63.28574946846265,North,Autumn,Night,URBAN,False,True,1
228,2025-05-08,20.411294758850143,52.642650666832346,,13.246718607815444,10.458540161749257,0.0757836011909857,599.1102659036133,38.2791375437868,,Spring,Afternoon,urban,True,False,0
229,2025-03-08,25.878485935604065,56.197788891810724,1013.981202266013,,8.624173989450208,,714.2430428405409,38.65760375518962,North,Winter,Night,urban,True,False,0
230,2025-04-07,8.032684218205473,57.6568824275396,1016.7287308085728,19.955450861850373,12.714904462539664,2.0495975381726983,1317.1675488266574,,Mountain,Spring,Evening,URBAN,True,,0
231,2025-10-13,33.66213556779516,39.25319489792927,1013.7598519763276,,3.472606188653189,0.0,0.0,35.51140996180038,South,,Night,Rural,False,False,1
232,2025-01-25,39.8990576687193,40.8343230898217,1001.5080118038769,17.692865350420522,5.163613084883377,0.6030129957432729,723.3332675529643,39.188529174907266,East,Winter,Evening,URBAN,True,False,0
233,2025-12-07,26.104656024860144,56.88745619676959,1008.0600297748641,17.53988699217213,9.815316693338964,0.0,875.2543221495226,,West,,Evening,Rural,False,False,0
234,2025-08-22,16.57997787687038,67.38767256691914,1020.4912432807733,20.830190187221508,7.487291012620341,0.0,602.0457516582752,56.23854813223334,East,Summer,Night,Rural,False,False,0
235,2025-11-01,15.004151130528175,53.415555828746434,1015.2501868040816,43.610326034013966,7.170732064542114,0.0,1186.8536320505432,17.464525511631024,West,Autumn,Evening,Urban,False,False,0
236,2025-12-26,22.44392039271864,61.11211594986549,1012.9031164602166,24.47285797955604,6.723880094766862,0.0,1812.5019358588709,66.79503212154543,Coastal,Winter,Evening,urban,True,False,0
237,2025-04-12,23.23441229236444,61.195412519838506,,13.944883810081006,5.705597911202794,0.0,996.9479814232676,27.117355880537566,West,Spring,Afternoon,urban,True,False,0
238,2025-01-06,20.790397360446477,43.4192163336686,1021.3141715811392,20.201991799096383,,3.371559212586602,221.73674765486703,37.84875265242219,East,Winter,,Rural,False,False,0
239,2025-04-08,28.728642038383768,44.06065439946795,1018.2268590925767,0.06661370983484893,6.36443078845227,1.834753120485177,0.0,26.70853015209326,Mountain,Spring,Morning,Urban,False,False,0
240,2025-12-25,27.55298525831818,66.39559419723558,1018.2010173653342,12.848373365995068,6.701171289242798,2.3636092883213333,689.8926377778762,55.39587913201234,North,Winter,Afternoon,URBAN,False,False,1
241,2025-10-31,-0.7527084134700281,71.25884168152452,1025.4015128474982,12.137729848104591,8.003904820005998,6.7469975766814585,2278.633503072113,64.57947182327264,East,,,Coastal,True,True,0
242,2025-05-08,21.707002674865468,69.75848584467026,1011.9445522445402,14.527258770159762,10.843154142728435,0.0,0.0,63.75277629746931,Mountain,Spring,Evening,Urban,False,False,0
243,2025-10-13,12.195495386151016,54.29900574978846,1021.0895675171384,14.598742919684982,4.2726994496249855,0.0,347.4600278286969,51.21708594194662,West,Autumn,Morning,urban,False,False,0
244,2025-06-30,25.598754847862008,53.7820705596993,1014.4805804456146,12.50182548990436,3.415883611172661,1.2946314743568863,384.46683918741843,31.202134908175196,North,Summer,Night,Rural,False,False,0
245,2025-04-06,21.249446201463172,56.79756401614031,1014.9561478835922,30.4344557596245,2.748573406351978,0.01727354006544313,2098.6222497045756,68.49218400649508,North,Spring,Afternoon,urban,False,False,0
246,2025-07-18,23.362937955351853,74.57041967212277,1009.2379451953439,11.569235603977758,8.25954977794442,1.8525929374120724,939.664362437816,56.846852825060964,South,Summer,Morning,,True,False,0
247,2025-08-18,24.14461662867439,39.59926538384781,1006.1778036737785,18.13983948301424,9.482336539832668,0.0,1453.1067317443894,47.28695171117283,West,Summer,Night,URBAN,,False,0
248,2025-02-04,16.16324050014325,54.491551628641375,1007.0285954074423,19.811652680024956,6.330070690308607,3.208847126525794,312.96681472793637,41.15523424587419,,Winter,Evening,URBAN,False,False,1
249,2025-06-18,44.71643273572462,39.57882542876738,996.3069574115736,25.46592935469583,9.544576743872632,1.8656131157446318,315.6164649422418,29.318605903992783,Coastal,Spring,,Urban,False,True,0
250,2025-02-27,34.471106127311366,,1003.295300614634,11.283855363058763,8.046364129913572,3.3727737203381642,1158.4671230437966,,Mountain,Winter,Evening,Coastal,False,False,0
251,2025-12-23,9.446811617581677,65.85158845017443,1024.841930325225,19.91879219512294,,0.0,872.3935104830827,77.4067592512052,North,Winter,Evening,,True,False,0
252,2025-10-13,4.906884724724719,79.00317851952832,1032.193607355996,15.094933849230282,6.996012408695249,0.9162040130442263,923.9422135622847,84.67909493175637,Coastal,Autumn,Afternoon,,True,False,0
253,2025-03-12,37.06848072383371,55.75294118785851,1003.8393445251505,,9.036611669069428,0.28320508100956515,422.76117719705974,42.06221052271263,West,Winter,Evening,Rural,False,False,0
254,2025-07-17,5.15292510503421,71.5196559307178,1002.5029546971233,8.788314606390184,9.41477976601728,0.29087624941684465,,64.94960152792527,North,Summer,Night,Urban,False,False,1
255,2025-06-01,17.510747191345356,70.89725234142036,1009.5509245424483,5.147544428282808,3.381213971710575,0.0,0.0,77.99513514076708,North,Spring,Evening,URBAN,False,False,0
256,2025-08-01,34.33333758143047,45.98306933465847,1020.1066573983016,11.290963671193055,10.690282841720702,0.0,742.5899689796875,69.29145686974843,North,,Evening,Coastal,False,False,0
257,2025-02-26,7.189909615563366,59.753151144180976,1013.006888195396,9.447305248491347,6.029365487204839,0.6884631390411973,1397.4008273700356,58.912325553287154,North,Winter,Night,Coastal,False,True,1
258,2025-09-20,19.282833613276267,55.62673833894905,1015.2027872142132,1.672669653978451,3.3768373165175074,0.0,209.56210495296835,34.93591181925669,East,Summer,Morning,Coastal,False,False,0
259,2025-08-12,15.31608183241352,42.621034979314146,1013.7023862350168,8.688632794149132,6.07207240072728,0.0,28.96411417514389,34.57651101347879,West,Summer,Night,Rural,True,False,1
260,2025-06-16,5.672051795556786,74.34513786156312,,9.023763787822748,10.452848711296893,0.0,0.0,62.471819768130445,South,Spring,Afternoon,Rural,False,False,0
261,2025-01-16,15.362557602722445,52.764375029320696,1015.2116175392351,17.540632618219888,3.257402830653832,,881.7882704321794,,South,Winter,Night,Rural,True,False,1
262,2025-08-09,17.053294117764604,74.96545134179797,,5.581297466836306,5.61903525563834,0.0,1345.313330862662,79.7909820482709,East,Summer,Night,Urban,False,False,1
263,2025-01-19,28.513344244957274,50.38335782155353,1005.9950533568665,17.218806399639764,6.065840704491753,0.0,965.181647487929,37.42550912981026,Mountain,Winter,Evening,,False,False,1
264,2025-03-09,13.224233169988068,69.4930541373401,1014.5944074747811,10.427120069321656,,1.3455410700677009,1349.9427001847707,61.856898962515984,West,Winter,Night,,,False,1
265,2025-11-13,0.8361149930005247,72.22149090708683,,25.06791251590949,3.184491001424269,0.0,1519.4158685766624,78.25591206670751,South,Autumn,Morning,Coastal,False,False,1
266,2025-01-05,27.870346608238336,59.786871848745655,1004.2323391129182,18.97010600894393,4.716224393278908,1.9091451097385983,425.77418702880624,56.15421826175005,Coastal,Winter,Night,urban,False,False,0
267,2025-04-12,28.223640349383974,56.13059582316966,1007.00108258923,11.06199448973484,4.759449229339778,0.0,651.0518032986141,58.69024342972904,Coastal,,Evening,Urban,True,False,0
268,2025-02-03,8.897077126550814,67.53294685623293,1005.0967579743153,14.990154730204464,3.772450684584605,0.0,1591.5166954277613,57.296790249603156,Coastal,Winter,Afternoon,Urban,True,False,0
269,2025-04-17,23.38403313227373,,1013.3392299146797,23.84040937573416,12.216300550014298,4.97019559109506,0.0,40.51651568531656,West,Spring,Night,URBAN,False,False,0
270,2025-08-29,19.02606995392098,63.86297397560474,1008.9354847460719,8.347183595449405,10.30026011294424,0.0,631.5319372253729,38.04444926415188,North,Summer,Night,Coastal,False,False,0
271,2025-04-26,15.906383330924802,,1014.6060567147299,4.747660987008306,9.17235135554521,0.0,965.4424012307261,60.85176511022493,Coastal,Spring,Morning,URBAN,,False,1
272,,29.16030480362126,39.03035490557524,1019.7202544155668,0.04923637141382464,9.551748429608887,1.6754407108381213,806.221691539932,57.641932772733625,,Winter,Evening,Rural,True,False,0
273,2025-02-11,13.609668590925825,71.42236509927778,1017.640812237407,6.769385036616214,8.34614385365478,0.43453715207898735,319.8662041434584,54.217776643990426,Coastal,Winter,Afternoon,urban,True,False,1
274,2025-09-21,35.3429926527755,48.02777993593373,1019.6801485509804,14.82899740441908,7.359230968085638,1.6079574338733797,968.1184039371781,42.021815134606,Coastal,Autumn,,URBAN,False,False,0
275,,19.403901361789654,73.03780212196045,1022.3496396328918,10.402766761434386,1.2219253676114965,0.4195115298665745,1373.593311002765,86.56234183750706,West,Spring,Afternoon,urban,False,False,0
276,2025-08-24,20.733296897338093,57.02670064575149,1017.1565815523647,5.509615717014714,6.937243850022582,0.0,598.8809669228214,41.39408291934555,South,Summer,Evening,URBAN,True,False,0
277,2025-10-01,28.388188824803517,50.39917802052505,1023.9770161880417,23.021898354256045,4.012355789603667,1.5775344612349387,1764.545342054818,62.701738807873774,,Autumn,Morning,Rural,False,False,0
278,2025-09-02,32.507903630970006,46.436688944122174,1021.9244029703395,11.254237230568567,8.969390098304391,0.0,1101.926253745558,54.1212554999182,Coastal,Summer,Evening,Coastal,True,False,0
279,2025-07-05,22.695554911253634,57.0450193885458,1001.1030722218309,20.422407987432308,2.7377207461167075,1.732886857957046,1089.031347123853,33.24280598250728,West,Summer,Night,Rural,True,False,0
280,2025-03-08,25.590136320322664,42.8156827641435,1012.0619612437049,0.9521357745222012,12.250995103980072,0.0,0.0,57.94437612954525,Coastal,Winter,Afternoon,urban,False,False,0
281,2025-04-10,13.997440766995314,80.15220064195748,1008.8336445797216,8.466798754996729,15.587025684078325,0.0,8.52728736081042,44.64761721278953,West,Spring,Evening,urban,False,False,0
282,2025-06-28,19.2258565697573,52.87951800830223,1005.7204347139262,11.805756464211125,2.792487444698855,0.29061157973909313,384.92889856560146,36.14448610749394,South,Summer,,Urban,True,False,0
283,,12.431542435271107,69.48961586944512,1014.8329015319164,13.777826506512866,9.992374063217818,0.0,962.0141824636108,43.674865087359024,South,Summer,,,False,False,0
284,2025-02-28,0.962365305804834,89.62540316932294,,20.526538461361984,5.592964615903579,2.2773969753806003,0.0,81.11598289156854,East,Winter,Night,URBAN,False,False,1
285,2025-09-19,27.442456357381246,54.01821615289095,1007.8015662435398,27.0647408051461,5.622308040937314,0.0,0.0,35.77849236801875,North,Summer,Evening,urban,False,False,0
286,2025-08-21,20.7990928434946,55.69548890879439,1011.5124163983468,19.107907090709556,5.1410132896596625,1.7766899972465813,1106.73417748768,36.87136190081641,Coastal,Summer,,Coastal,True,,0
287,2025-08-26,29.62616137878063,58.00507292778189,1016.1445622465152,7.401167110781991,10.59808849895986,0.0,363.18760412850554,60.86496046499127,East,Summer,Afternoon,URBAN,True,False,0
288,2025-06-04,19.527844489268126,46.278218794413405,1016.1639753369107,14.247067441466289,1.4825286659492996,0.0,0.0,34.20248063273805,,Spring,Afternoon,Coastal,False,False,0
289,2025-10-12,24.759154310595363,56.718683353360575,1001.8371649346801,2.7326230867119747,12.07454289959098,0.0,,35.74525066325144,East,,Afternoon,urban,False,True,0
290,2025-12-23,24.658557240598093,,1011.7173119211725,,6.884756854629669,2.8123079887529756,6.442987919226766,34.8513596216483,,Winter,Night,urban,False,False,0
291,2025-12-22,19.54254246969537,83.81599522238704,1010.5166159072488,15.448898089001915,4.565574142736498,1.062245588389479,0.0,74.32049469784127,Coastal,Winter,Night,urban,False,False,0
292,2025-12-16,7.4274105228990255,63.67731966747421,1003.5969764088549,25.635227593750123,6.199307687658608,0.0,515.5676786884193,55.77273884670423,West,Autumn,Evening,Urban,False,False,0
293,2025-01-24,9.628980762767906,71.40250615699293,1015.675047855104,18.659470730633828,7.862592690733192,0.0,774.6757926863085,30.41300040403756,North,,Night,URBAN,True,False,1
294,2025-02-01,,64.36591795179504,1009.1675019166638,10.137834439767726,7.214692766164618,3.112752136839261,823.0081760533703,90.05917554291884,South,Winter,Evening,urban,False,False,0
295,2025-06-16,27.41555986008765,37.26901341568015,1018.6093413851988,20.295068271939865,8.87989614341481,0.0,455.48754414454174,20.158388363351982,Coastal,,Evening,Urban,True,False,0
296,2025-08-24,17.745100974086995,67.5831853976413,1014.6971982501314,17.17196223512377,5.645196015811797,2.243675746351183,,59.21396402487763,Coastal,Summer,Night,urban,True,True,0
297,2025-03-29,27.593223081624238,46.74753844742969,1005.5557376011604,5.082130758376149,11.151028856551218,0.0,1112.2807959123652,42.9446420407798,South,Spring,Night,Coastal,False,False,0
298,2025-04-26,18.108402578627224,62.31514975033761,1019.248903860698,19.782742136198664,7.2263685450645765,,0.0,80.81632320704924,North,Spring,Evening,Coastal,False,False,0
299,2025-02-11,11.90112025908807,64.86422931814316,1001.9617234204708,11.714683389528503,6.565613456387724,0.0,921.3649657995595,66.33060197406014,Coastal,Winter,Night,Urban,False,False,1
300,2025-03-17,35.068351187801525,46.307371671446084,1024.4359878152893,24.7655672079274,10.338279597632965,1.3229202757847778,159.91917262029926,19.091527251248586,South,,Night,Urban,False,False,0
301,2025-08-19,14.6142810558998,78.81437755443974,1020.3482788409895,11.692232704554069,6.4574498776439055,0.6573835098709627,29.54611056998499,59.76049245452689,North,Summer,Evening,,True,,1
302,2025-03-27,19.69924961315467,55.56359314329855,1018.3275908460137,10.059923415088551,9.697365807746955,2.7436612272381415,1136.0808578905317,44.49769856649837,West,,Morning,Coastal,True,,0
303,2025-09-16,10.086648559843622,66.80010085786809,1010.4209852281531,21.075287299978804,10.485566390993075,2.9750599051398643,711.1722658947601,63.17892836961215,North,Summer,Afternoon,urban,,False,1
304,2025-10-14,37.29113054901883,40.86681325968028,1004.6957198612089,16.600836320765083,11.131501738847195,0.00970234906703824,542.0122257981785,45.47140170736694,Coastal,Autumn,Morning,URBAN,False,True,0
305,2025-05-06,15.261975618633183,64.07595488149052,1002.7300611719077,13.631411632424971,8.222872140662243,0.0,1481.5012776995084,35.64046303911208,Coastal,Spring,Morning,Rural,,False,0
306,2025-09-17,10.97957061286277,68.84316110085739,1015.4675207503371,15.441624143655018,5.3596323945096715,0.19984404288492158,,61.80371738053202,North,Summer,Afternoon,Coastal,True,True,0
307,2025-02-08,23.998977690121777,61.83381663906153,1000.8646585992084,17.04408754701209,6.555117823649635,1.639590422686607,329.28745972455886,67.50379038577944,West,Winter,Night,URBAN,True,False,0
308,2025-03-18,22.014372085647622,62.38863484617441,1030.3616195110558,23.4477195679645,3.837505094709136,3.3730673486847635,663.7103165662613,25.445499856225062,South,Winter,Afternoon,Coastal,False,False,1
309,2025-07-02,14.23894685225539,58.219787773441624,1015.5001818387378,5.339754870699881,11.287414193578119,0.0,843.857041244211,56.89923906144994,South,Summer,Afternoon,Rural,False,False,0
310,2025-04-07,19.359127826990086,72.53868838948475,1031.3993103642151,15.726312602602802,4.464676157648437,0.0,342.7055657701692,80.37387144435732,Mountain,Spring,Morning,Urban,False,False,0
311,2025-01-16,14.354753367260713,64.9270196676321,1015.4908339942415,14.226419313245925,5.927110177120159,0.0,427.8661099545818,62.55563852666895,East,Winter,Morning,urban,True,False,1
312,2025-06-12,33.84204625543781,41.41439944729018,1017.2112297599815,13.210452289180465,6.498256099398938,0.0,555.1177601672765,31.573022255636076,South,Spring,Afternoon,Urban,False,True,1
313,2025-05-07,28.143467441760812,53.07857888517576,1010.994883816815,4.383782612083005,6.328048032396236,,815.1126522801503,48.0374009542791,Coastal,Spring,Morning,Rural,True,False,0
314,2025-08-18,12.40552197805858,74.99496696370215,1018.1424340283133,17.752302952631474,8.428633733634479,5.467601550629314,255.73364849568148,64.12004052218931,West,Summer,Evening,urban,False,False,0
315,2025-06-08,21.88098304334436,51.69260392625365,1017.0537822449347,22.096393950035186,6.415816731635781,0.3654185047362238,579.8576893541891,47.456700454799915,North,Spring,Afternoon,URBAN,True,False,0
316,2025-10-21,35.2617759508004,33.177066496176664,1025.4449017198285,26.300156030842892,5.813021737618991,2.6566891522116576,1503.8024989505625,4.439203141544532,West,Autumn,Afternoon,Rural,False,False,0
317,2025-01-24,29.065816200387637,46.187927165037074,1011.3340171024605,18.431213517968743,12.631060487549375,5.095225888924394,0.0,38.646227132357666,North,Winter,Night,urban,False,False,0
318,2025-05-23,19.727533580998536,64.03673008910211,1018.1345531131856,19.752471043033317,6.919540543368828,1.6641384600264248,949.2112062630172,64.7888763930819,East,Spring,Afternoon,URBAN,False,True,0
319,2025-07-17,25.905281568653322,60.344531131625935,1013.5520462777025,6.977834584219739,10.660462142735623,3.488864558299083,583.2396638522598,27.606896311873733,South,Summer,Afternoon,Coastal,False,False,0
320,2025-10-13,21.310346548215094,56.69874888438457,1013.3775435419749,0.0,7.630694562013306,0.0,1081.0911432212552,48.92432049537934,East,Autumn,Afternoon,urban,False,True,1
321,2025-09-02,17.264518047799466,62.0724419771514,1029.502882353449,24.293097050079158,13.68596988398718,3.103431126926056,1206.4738238577556,,West,Summer,Evening,Rural,False,False,0
322,2025-05-04,25.430717757308543,53.404780773403274,1016.214814216745,32.675821785891515,4.581687063521443,0.0,518.0800785661195,62.8307220117468,West,Spring,Afternoon,,False,False,0
323,2025-09-20,13.853628811009798,73.69888430282562,1011.4867126485079,7.740293089131842,6.231165323031998,0.0,0.0,84.59449335924245,North,Summer,Night,urban,False,False,1
324,2025-09-21,23.24388719604324,45.51883669468524,1013.5415223678852,11.925228770159055,6.331587164770203,0.3520936967618649,234.2802651581926,13.367562911193566,North,Autumn,Evening,Coastal,False,,0
325,2025-06-19,4.433384327923919,76.53861993687269,1020.8174807317446,25.048206411885488,8.276636636635928,5.410802435201719,588.3988838042167,80.66752350488186,Coastal,Spring,Afternoon,Coastal,False,False,1
326,2025-12-10,25.068133933779478,65.17449309132597,1004.5438595930739,27.011605379914215,4.304153233948318,0.0,349.7990559261417,66.19979186939543,North,Autumn,Morning,URBAN,True,False,0
327,2025-08-07,,65.07551779945307,1014.9981550852223,21.153584676009583,4.070074938967087,2.2536531561978403,787.7253033094031,44.88344812369828,West,Summer,Morning,Coastal,True,False,1
328,2025-07-03,27.385400989458674,41.436099467483245,1015.1946598655755,12.48393525412056,9.956215066436616,,132.64004101034072,34.899964735873795,North,Summer,,Urban,False,True,0
329,2025-03-15,4.71666653593301,70.78526297773332,1006.8506409820677,17.611894244772625,5.062327735764478,0.0,1429.5394646317723,82.32516030397008,Coastal,,Evening,Urban,True,False,1
330,2025-01-12,42.768928135885915,37.432272275123324,1019.9575808909713,67.50483993806537,3.9797833699543466,3.6270729928242824,1435.4515282003158,38.90434752387123,South,Winter,Afternoon,Coastal,False,True,0
331,2025-05-10,20.487441814226226,56.79056376308763,1003.6267508599921,0.0,11.83314797489213,2.985753848052946,647.5383827838788,66.14941602316344,North,Spring,Night,Urban,,True,0
332,2025-08-03,27.784981842491526,42.333430881178344,1006.47658056145,12.734025221641392,8.186615501244958,0.0,0.0,33.66747113556756,East,Summer,Afternoon,Rural,False,True,0
333,2025-10-29,14.595480333054155,63.973005191091474,1007.829829048214,18.744678252330953,5.383338555169972,0.0,1672.114502209075,45.507434339125695,Coastal,Autumn,Night,URBAN,False,True,0
334,2025-05-07,12.866328530874652,57.8344037523476,1000.5588025988263,20.542832323370497,8.601740617277143,0.4150693570959174,589.8220686659299,69.33904367413174,South,,Afternoon,URBAN,True,,1
335,2025-06-03,11.351033035540874,54.830416436591946,1011.1846521647301,8.021783987294189,10.410116798940534,0.0,503.9488453926439,44.01872440506896,West,,Afternoon,urban,False,False,0
336,2025-04-22,,65.89626967124077,1021.3019768135837,14.376392051070685,6.9339423331998935,0.0,339.0154909753559,53.987883467179586,,Spring,Morning,urban,True,False,0
337,2025-11-09,4.982880794791418,88.08937292253125,1013.4287498571565,10.156982424963786,13.966015064042992,0.0,1183.332869441188,73.62976038399333,West,Autumn,Night,urban,,False,1
338,2025-08-15,20.750279168819084,72.99878590876524,1012.3306918343757,9.272438944337221,9.955524644112124,9.894378891106385,664.5158382032671,51.86405974819027,Coastal,Summer,Night,Rural,False,False,0
339,2025-09-08,33.14994798213471,35.021883555876094,1001.3935769086336,18.095199614250525,8.274592697861193,0.0,559.6101069559513,33.60394936260645,North,Summer,Morning,Coastal,False,False,0
340,2025-02-18,20.99104902149167,53.8665558030351,1016.1932895110921,27.012518261366335,2.7773303314559072,2.3691629041706994,0.0,42.52194397279678,East,Winter,Night,Rural,False,True,0
341,2025-12-14,,45.408962870863434,1019.620988514583,12.95581070061109,10.620241405344922,5.207783583162373,,19.320621881661715,Mountain,Autumn,Morning,urban,True,False,0
342,2025-09-10,7.486326007225816,52.589652408171105,1019.776180817864,12.138413844544914,10.749379375582196,0.0,1761.9079447846543,53.849891606594646,North,Summer,Evening,URBAN,False,False,0
343,2025-08-20,12.437785018207428,67.86363305620249,1012.4057319554245,8.83002231727855,0.7029254387284487,2.1926154617044573,121.5816433994716,75.15759931328232,South,Summer,Morning,urban,True,False,0
344,2025-08-17,20.19077846978885,50.25213321330947,1019.9475318999682,15.55062302679434,8.707169359917751,0.8891732175024186,,36.61222777460793,West,Summer,Morning,Coastal,False,True,0
345,2025-07-14,28.58472299458453,46.241048891820384,1002.411305244599,13.825870861852614,10.985470283275568,0.0,524.4208028460473,25.00885131112874,,Summer,Morning,urban,False,False,0
346,2025-10-17,3.7606163639871895,75.2094009511972,1001.4014703583318,25.39150726402034,8.40046335297412,1.6405668169434133,659.971850374361,76.70019638700245,North,Autumn,Night,URBAN,False,False,0
347,2025-03-21,26.763825441392974,70.43464743479305,1010.3113404355339,,6.25161545625263,0.0,160.60446029681032,59.87930847765713,North,Spring,Evening,URBAN,True,False,0
348,2025-08-18,11.451381036503388,56.53471905063633,1011.3785523940442,9.815929882775222,2.3247946639601587,5.588018869849023,0.0,24.924611146071655,West,Summer,Morning,urban,False,False,1
349,2025-01-21,16.120690436190113,50.68368624498793,1001.0709273332467,32.58619669072843,1.2626165315717701,0.0,651.5539189502045,59.08821025056627,South,Winter,Morning,urban,True,False,0
350,2025-06-21,12.564050179005312,56.09475668811245,1025.406574191981,16.276224496151496,8.660986056619828,0.0,126.03249817987432,54.09783594346429,West,Summer,Afternoon,URBAN,False,False,0
351,2025-05-05,,52.17891396876861,1008.5293209157975,20.235565053574636,8.993631071004065,0.0,0.0,40.64308858050366,North,Spring,Evening,Coastal,True,False,0
352,2025-12-30,22.565848781576648,56.65014653219671,1021.3622085901538,11.377823989528043,4.747351454042208,0.8643903469486685,0.0,53.22580960818657,North,Winter,Evening,Rural,True,True,0
353,2025-12-07,17.414012488498575,,1009.370520110128,33.77926445991261,10.594658801876717,2.3233697489414267,294.6907169803525,87.37107776615764,Coastal,Autumn,Evening,Urban,True,False,0
354,,20.14031787119613,,1016.554412091187,13.447282221040515,5.95197027368212,1.0196215224806986,1093.395121141953,66.63287510489542,East,Autumn,Evening,Rural,False,False,0
355,2025-08-28,23.213478547207114,50.39288390548856,1014.1776574393099,24.07546905570242,5.282359826231268,0.0,1797.7514446414207,67.05406166644113,Coastal,Summer,Night,urban,False,False,0
356,2025-02-02,35.207548109626245,,1002.2660545569884,16.405601354008013,,0.6696010506629173,6.095670239866081,35.82946382091002,Coastal,Winter,Night,Rural,False,False,0
357,2025-10-18,30.318352067687748,51.977805894318664,991.4866999883927,15.461912775533083,6.416654453428558,1.6568887714166598,,36.1357365079497,North,Autumn,Evening,Rural,False,True,0
358,2025-09-04,14.596065859360353,42.98684007869758,1019.8471456767214,5.1905777613836435,1.5423388134130462,0.0,745.6433071895428,51.53054802228071,East,Summer,Evening,Urban,False,False,0
359,2025-03-16,15.513907551282873,51.92278406337236,1007.7178532844423,10.491208645158698,9.869051782093452,0.0,,35.576934591636004,Mountain,Winter,Afternoon,Urban,False,True,1
360,2025-07-05,25.222682747233346,50.040757289057076,1013.4209037425824,14.326490276030707,5.986081544146182,,742.5304295214014,35.92004819871968,South,Summer,Afternoon,Coastal,False,True,0
361,2025-11-20,27.316601300289634,52.32339485097022,1010.3134949139841,16.858266245747654,,0.0,1216.2779215076293,44.47791389217064,South,Autumn,Night,Coastal,False,,0
362,2025-08-08,15.01013753776943,58.9413896947771,,19.112899337923253,4.905856189212933,0.1593111206438449,501.64818358871867,47.30223761637169,South,Summer,Evening,Urban,False,False,0
363,2025-01-19,22.231797850795743,53.94469079420187,1010.4034323235694,21.714390941465414,9.432821964401288,0.7780483085358507,,79.16682406833061,Coastal,Winter,Night,urban,False,True,0
364,2025-04-04,7.341831619924218,71.36493359500274,1011.845930723944,3.8249278335840575,,0.49707794613593065,113.3905070330278,46.18861105406228,South,Spring,Morning,URBAN,False,False,0
365,2025-12-30,12.973586347909517,67.24973129212755,1004.5241828121855,16.614690453591955,5.480436072587191,0.0,979.4164153978975,63.98988999627491,,Winter,Afternoon,Urban,True,False,1
366,,20.43953103903875,36.651646080543756,1002.9549549477027,3.889019905743565,8.50920146660399,4.270564382441213,0.0,28.405319081273745,Mountain,,Afternoon,Urban,False,False,1
367,2025-11-05,,40.716735665125306,1013.7975151089214,8.99528359627331,9.484573339627994,0.0,325.24620697257666,27.151792813587534,Coastal,Autumn,Morning,Rural,False,False,0
368,2025-12-12,35.9310910109264,62.14864058950112,1016.0264251752662,16.18410496712286,14.718315884967344,0.0,1106.3882769634902,68.34698135716005,North,,Morning,,True,False,0
369,2025-01-25,15.233465224632006,50.58504627890321,1011.4969121979842,12.160639997964724,1.5880461017492982,,275.4956072436237,29.927893836139734,East,Winter,Evening,Urban,True,False,1
370,2025-07-22,25.161041090452322,67.83294333037286,1021.6706734803578,11.815205119947958,4.580866926392494,4.839483544290231,1090.076354739957,48.55691098364893,North,Summer,Afternoon,URBAN,False,True,1
371,2025-11-14,26.5603585547113,58.647438294576254,1000.7572744937579,19.72685894979862,7.4082883591436435,2.4039062776156306,0.0,47.6061706884628,Mountain,,Night,URBAN,True,False,0
372,2025-02-09,33.96341841019358,,1028.7697027708325,18.410974626902565,7.276208083811287,0.0,1542.552602675566,0.8882602609553558,Coastal,Winter,Evening,Rural,False,,0
373,2025-05-05,9.763734679308097,74.59695853472837,1009.6020317230921,17.397623847967328,10.214278526678495,,522.9381619191399,70.71929936347114,South,Spring,Morning,urban,True,,0
374,2025-02-11,8.779280972266045,66.27979439962557,1018.1898221135797,16.192805190385986,3.84956074736359,0.0,445.3000610031984,77.02836467983984,North,Winter,,Urban,True,False,1
375,2025-08-14,,48.67405505012834,992.7175594164546,22.240652001971764,9.746847118130821,,664.5865089429374,54.31327864752844,Mountain,Summer,Afternoon,Coastal,False,False,0
376,2025-05-21,27.85480313663079,64.36605227074963,,4.113773178227396,11.76389578847641,1.7804207411344128,0.0,46.27162239400784,South,Spring,Night,Urban,False,False,0
377,2025-11-27,12.835344294376917,77.8552800630583,1008.9098384578463,18.970611959969354,10.706563753542142,2.8418977661778415,1278.6476135513067,84.36403536946587,Mountain,Autumn,Evening,URBAN,False,False,1
378,2025-11-06,26.037840747228167,36.373722929583806,1013.1718771365189,19.60255760764992,6.969912167971911,,960.20740276696,16.14233113418963,Coastal,Autumn,Morning,Urban,False,False,0
379,2025-07-13,22.631771641369102,,1008.547606326701,21.623686358592693,4.791565671088016,0.0,480.26891963091697,20.80686852362414,West,Summer,Night,Urban,True,False,0
380,2025-01-08,18.306656709671472,52.09254832367795,1019.4059982991166,21.885027905916758,9.445568440143568,5.5610359981551625,,8.785016381076709,Coastal,Winter,Afternoon,Coastal,False,False,0
381,2025-01-12,21.89403072793309,45.09761633569356,1000.923246764963,21.7945238289021,8.869675017354043,1.7365119492006122,150.53832821295373,43.695452952403144,Mountain,Winter,Morning,URBAN,True,False,0
382,2025-03-23,15.774173628453811,75.2426111321166,1011.262764688496,13.970235454166843,5.524146699778687,0.28780677791370635,0.0,67.99451712482944,Coastal,Spring,Night,Coastal,True,False,1
383,2025-01-18,,82.42662372654422,1008.8070953416508,21.00416694724291,8.234934614033538,8.74338131902177,638.067178453265,66.71178846677236,North,Winter,Evening,Coastal,False,False,1
384,2025-07-17,11.372699170474762,60.32329882692796,1012.603082089242,10.58462153130279,8.170834034902887,0.0,96.55152260402298,46.824219198198776,West,Summer,Evening,Coastal,False,False,0
385,2025-11-19,17.312318660856075,55.540638694360254,1014.6046311570356,11.499722834751534,12.179484813729808,,751.8291777188952,58.00864298531137,East,Autumn,Afternoon,URBAN,,False,0
386,,,48.314776098467966,1013.4652394994706,29.232853994110474,5.802021623243271,0.0,1218.962518783845,26.789856319693424,North,Winter,Night,,True,False,0
387,,9.639882016618975,71.61944304716657,1014.8136461908688,13.078982093692826,10.803650057323914,0.0,0.0,35.03169122065292,West,Winter,Evening,Rural,True,False,0
388,2025-07-08,27.25831930941705,36.99830325054934,1007.6202420065513,,10.823346947983396,0.0,1015.5694271452733,21.578884447975465,Coastal,Summer,Evening,URBAN,False,False,0
389,2025-10-19,7.2507205051009045,84.82427211183473,1024.7064265923616,15.921181642182365,13.328100407971993,0.11004871306446073,0.0,67.35091596048912,South,Autumn,,URBAN,True,False,0
390,2025-02-18,12.062770192860242,63.574854299149486,1007.9696954230784,15.661030294312843,2.895598389320927,0.0,356.13560172724436,48.73118491550293,Mountain,Winter,Afternoon,urban,True,False,0
391,2025-02-24,32.93835464266225,51.78557976380563,1025.328203332774,,14.598293297915394,0.5199661718893985,134.09894583002307,45.260532463358395,South,Winter,Afternoon,Rural,False,,0
392,2025-11-09,13.20600349954188,57.37496012740071,1001.6853650521098,20.990064281151035,9.79269068574403,3.0493261603510713,0.0,53.50390810252336,North,Autumn,Afternoon,URBAN,False,False,0
393,2025-10-07,12.190635427745057,73.55956831198017,1008.2195201626256,12.683167276492686,9.339964912940479,0.7197530886558581,0.0,79.34215843172782,Coastal,Autumn,Afternoon,,True,False,0
394,2025-12-07,29.559937855224927,66.12599977515315,1013.1822633254188,22.374745798985273,8.389669801253444,0.0,170.94702900783784,50.26089655759455,West,Autumn,Morning,URBAN,True,False,0
395,2025-03-06,9.270344729440774,73.09031632976809,998.7480370864868,4.803563450051282,8.639997688088494,0.0,1172.2061323430064,66.14943179093895,South,Winter,Morning,Coastal,False,False,0
396,2025-10-03,4.081918494603308,65.38358819245717,,18.906018102333274,9.778338178917503,4.708900685942586,6.101827359116328,38.01276988569296,West,Autumn,Evening,Urban,True,False,0
397,2025-01-10,24.011390225732463,43.62767408332741,1011.4510250347258,,8.429622512783466,0.0,0.0,37.96631298904838,South,Winter,Morning,Urban,True,False,0
398,2025-10-13,17.275192795252863,60.69666797585971,1018.1413349112374,14.154263762387966,5.123914740095224,5.97683036251545,67.8835534095503,84.30488415636688,Coastal,Autumn,Afternoon,urban,False,False,1
399,2025-10-09,26.76590344698082,45.65355065194354,1022.57256820476,22.629436114027342,5.193690741053507,1.4333269982745076,673.1680694636694,25.90290838872548,North,Autumn,Night,URBAN,False,,1
400,2025-07-24,20.148739739114962,51.36418144035288,1008.5549351182003,5.550946336880591,10.632803606209217,0.0,0.0,30.848623047747875,Coastal,Summer,Morning,urban,False,False,0
401,2025-02-13,33.33046122371255,68.97230733428646,1014.1721220473087,9.603066079040122,6.939169607304557,1.5642685284658313,997.2418351965141,58.70157250179234,North,Winter,Morning,Coastal,True,True,0
402,2025-11-08,16.95215950589313,,1008.2831382329575,23.051749103237867,6.22192548428077,4.30363531297729,1596.6226478872893,63.06261165137375,North,Autumn,Evening,URBAN,True,False,0
403,2025-02-26,14.025286882623536,74.28074338667403,1011.5793341045134,10.18728574740144,8.098339272683427,0.0,836.7320196479494,48.65645373600637,South,Winter,Night,Coastal,True,False,1
404,2025-05-18,15.384947033250963,58.018470793767804,1005.3625293008889,,10.6989164399216,1.7964630623017446,778.4485189296356,54.70435150771256,Mountain,Spring,Night,Rural,False,False,0
405,2025-12-25,33.421303688962325,61.60155882344279,,11.81054101239504,8.988622423477143,0.0,620.5973018708585,41.55850572164887,Coastal,Winter,Afternoon,urban,False,False,0
406,2025-06-22,35.955121515979215,50.65516145877764,,9.47585954863088,7.703896029867544,0.0,393.5970080884431,36.2326231535098,Mountain,Summer,Morning,Rural,False,True,0
407,2025-04-09,26.99608010713855,69.29994348259464,1011.535895071771,13.12082918238753,4.851437636881627,0.0,0.0,37.30584362507323,West,Spring,Night,Urban,False,False,0
408,2025-05-04,10.305094662357448,50.119628923697036,1011.1684217610941,15.914251728127631,10.53875835399575,0.0,449.35773055935937,43.649204994978774,East,Spring,Night,Coastal,False,False,0
409,2025-08-12,34.44536295396027,52.268165010197706,1008.0721092183494,24.130362272664087,9.701681330995259,0.336626804878643,870.6790736956956,68.80273815252613,West,Summer,,urban,True,True,0
410,,5.881640522832424,78.10955275202419,1005.1269018402971,4.928220987873333,9.243334012917739,4.687653929723687,0.0,,East,Spring,Morning,urban,False,False,0
411,2025-06-23,23.789140797005146,69.05144061074064,1014.629045343114,13.727349537013607,10.468385611180121,1.2900542237439758,1029.916268619509,,North,,,URBAN,False,False,0
412,2025-03-24,19.961739087178092,40.31309407598056,1008.7229162273103,14.618158794940596,8.208901700384226,0.0,917.5966705821768,30.358271100314543,South,Spring,Night,Urban,True,False,0
413,2025-08-25,38.04302742021302,37.410887921633616,1017.3610277221825,25.235586413743786,3.8190879191857503,3.4304230252882086,897.4845841293119,0.0,South,Summer,,Urban,False,False,0
414,2025-07-16,6.928946303091767,85.20301750141871,1026.3716309520062,25.465400557563186,10.496828670816917,2.856096784864318,0.0,85.84631911634766,East,Summer,Afternoon,Rural,False,True,0
415,2025-11-28,29.22444705727373,55.793789875296824,,14.824413248409856,3.517238499889989,5.7094578000762555,885.5765022370124,62.91105707616751,East,Autumn,Night,Rural,False,False,1
416,2025-10-03,21.267722645536548,60.33661679779868,1012.7747665630058,16.312726759170573,4.943721629550931,1.1708736973225746,295.79129980100043,41.441952113211066,Coastal,Autumn,Evening,urban,True,,0
417,2025-12-04,25.115631875397423,62.764511271978584,1020.6130436908564,3.8227261037593134,8.987130493554432,0.0,0.0,28.472710077795576,South,Autumn,Night,,False,False,1
418,2025-04-29,23.97722401724697,62.12404480605993,1021.5403632819255,22.25235765558928,11.93688749244445,0.75964329505031,131.18560330539077,51.08633736843728,Coastal,Spring,,URBAN,False,False,0
419,2025-03-17,29.82106228166507,47.689962652707415,1014.8365889553045,26.843283864355445,3.233405934209612,0.1390523439054242,1202.820088949668,25.66449798377476,North,Winter,Evening,Urban,True,False,1
420,2025-01-29,27.848577810927566,56.860525349239346,,7.37626762212052,8.763728497530426,0.0,46.22150666936807,43.01008061629487,Mountain,Winter,Afternoon,Rural,False,False,0
421,2025-02-04,21.26601310198528,66.69344979667584,,24.39828995787562,5.948963101198999,0.5506915581694161,642.4342086421143,35.76408706327082,Coastal,Winter,Night,Coastal,True,False,1
422,2025-11-17,38.10567527994445,66.26937661303947,1004.372931191158,26.491076776842068,13.81694550101297,0.0,574.8954742982964,,,Autumn,Afternoon,Rural,False,True,0
423,2025-08-11,6.045044704396041,73.21267531276278,1015.4955904597738,2.737259988465235,7.86597530003953,,1348.4770706576694,53.7653423183145,North,Summer,Afternoon,URBAN,False,False,0
424,2025-01-03,21.354587176973038,72.59699678883068,1018.3831335923787,25.596122967267988,15.245549922666083,0.0,731.1731198677624,54.65075531468418,West,Winter,Afternoon,Urban,False,False,0
425,2025-12-12,34.12554953451905,47.82108373712252,1018.5535718928079,14.375708825443489,11.87460911552657,1.549772396533617,1492.6425285792852,43.25985863735696,North,Autumn,Evening,Urban,False,False,0
426,,,73.72321906447345,1009.1936684722399,24.861711694281894,,2.075228729587156,448.00991278394145,49.1666021913392,South,Summer,,Rural,False,False,0
427,2025-01-27,15.69754917804578,60.78987480757114,1006.3371378462373,17.928509445585902,4.307570710998729,0.0,1218.2549840605325,48.07188600236943,South,Winter,Evening,urban,True,True,0
428,2025-03-19,11.545201870528992,51.77969279633756,996.4128802667447,22.225877798577876,11.548626024490916,0.0,1253.985591068465,21.97734654378354,West,Winter,Evening,Rural,False,True,0
429,2025-01-01,15.452022508032675,59.24219008311387,1009.2305353952169,11.62513419425178,9.989664185601296,0.9803563647525275,0.0,56.336698585514064,South,,Evening,Urban,False,False,0
430,2025-06-19,11.092821200619694,62.380476085215314,1016.7591246675523,16.371312961028604,3.4314535737833314,0.08736687891743783,677.5435205732585,55.32746735653962,Coastal,Spring,Morning,,True,False,0
431,2025-11-11,23.50265988648643,39.21368291392484,1013.8985104605125,19.134137102763987,6.602913737386222,0.0,695.9003473431413,22.24216304960019,South,Autumn,Morning,Rural,True,False,0
432,2025-08-20,32.77737002689193,56.120179938342545,1008.8817049381875,16.395576230446842,10.217406404636835,0.0,3200.646357847657,,North,Summer,Afternoon,,False,False,0
433,2025-06-06,25.350455628665536,66.01725211516832,999.5891275274078,16.8229051359431,7.838287541099232,6.113403470452277,0.0,46.68703933062913,West,Spring,,urban,True,,0
434,2025-10-17,21.61231106998155,40.95947520596697,1030.9947252349286,16.278596530718467,7.566629203263313,0.0,555.5812602305635,28.810167578184803,East,Autumn,Evening,URBAN,True,False,0
435,2025-09-09,-0.4975576488129896,67.55664865407732,1004.6140965128449,10.589797153408778,10.950331876925484,0.0,0.0,51.84293428517164,East,Summer,Evening,Coastal,,True,0
436,2025-04-28,22.3947612440718,49.7213401224752,1009.7790029488901,4.612630149707327,7.103141724355991,0.0,,39.30505927191791,Coastal,Spring,Night,Coastal,False,False,0
437,2025-10-29,20.023411022342533,49.91527120540377,1020.489840836016,7.5960080079452785,7.55153101600621,0.0,830.0884699645721,28.76308297247693,East,Autumn,Afternoon,,False,False,0
438,2025-04-07,36.40313690799571,,1028.909706669218,13.112422766156241,7.045737241834218,0.0,1207.2100525686624,47.47935907275357,Coastal,Spring,Morning,Urban,True,False,1
439,2025-07-24,37.052400681310246,36.82380896592509,1026.230198523674,14.853866977955649,,1.539292134703576,599.5853938916619,37.03413693763639,North,Summer,Night,Coastal,False,False,0
440,2025-07-15,16.77599434625291,51.66449686350556,1023.6775974643432,9.345627910262507,4.234553128327379,0.0,984.8092541351602,42.24119567640367,,Summer,Morning,urban,False,False,0
441,2025-12-11,,,1028.4924342964614,3.885084058743624,6.831304618210066,0.0,346.99440050185393,46.78430450284917,West,Autumn,Evening,Urban,False,False,0
442,2025-01-30,12.665242695308828,82.0314049573019,1008.844000767957,52.895348322590706,4.720250070181683,3.0408167510177244,545.9992649010983,66.33676057736258,East,Winter,Afternoon,URBAN,True,,0
443,2025-04-18,13.658902477791752,74.97778706948783,1005.864813615041,10.915598338995418,12.380715826513976,,0.0,78.47512564112247,South,Spring,Evening,URBAN,False,False,1
444,2025-10-03,,55.776255689193704,1020.0307206131374,4.1397661199505436,16.56550589828353,0.0,424.97333322333463,36.3740498531853,North,Autumn,Night,Urban,False,False,0
445,2025-03-12,21.53487513546132,60.22507586451804,1008.88706827398,,5.810145620773305,1.7611452024847605,183.6869206795671,45.37442592551212,East,Winter,Evening,urban,False,False,0
446,2025-09-24,37.891908718968075,44.596723845770555,1010.8045385964759,8.787283875943892,8.21642090570454,0.0,857.7635105300254,29.72770450479307,Coastal,Autumn,Morning,Rural,True,False,0
447,2025-11-29,24.926833164695854,56.247428731587625,1005.2779297869299,16.876376037823018,8.890483505862306,0.0,1145.4018742121489,,South,Autumn,Night,Urban,True,False,0
448,2025-04-17,15.875697138701025,57.03693163409083,1013.3536206899478,16.522331112606903,2.036716867779049,0.0,24.33550837196543,55.09877229856996,South,Spring,Afternoon,Rural,False,False,0
449,2025-06-15,36.641946251891994,,1013.3046510528818,11.479991053199923,8.694834890410057,0.06528890771659339,77.7352836627665,5.613584883853704,North,Spring,Night,URBAN,False,False,0
450,2025-05-15,17.019186065060982,60.07332841732582,1013.0342703104042,9.41178501126698,3.593829572627012,0.0,761.597352654883,35.83601674892853,South,Spring,Night,Urban,False,False,0
451,2025-04-15,30.839575219886903,50.22144018438268,1022.7753135456551,18.39584070743691,9.267330007520242,0.0,353.2686565499949,38.9959737670027,North,Spring,Night,Urban,True,False,0
452,2025-04-26,22.52425796012117,56.02691264917311,1035.6357982402747,12.91704937449271,7.115908628769244,0.0,0.0,36.82335304415431,North,Spring,Evening,Rural,True,False,0
453,2025-02-12,8.145769857775534,49.96224552901744,1016.4391906360979,20.833307963710546,9.804734806620534,0.9734239332751222,717.925447618487,37.60539890956568,Coastal,Winter,Evening,Rural,True,False,0
454,2025-08-06,30.93963985512565,54.79249032734467,1014.298633270858,17.502708987555117,7.135374893290851,0.0,1265.1881840893661,44.43305461246043,West,Summer,Night,Coastal,True,,0
455,2025-06-21,27.462100771873992,42.838070775782676,1012.6587149338735,1.6126651348945078,6.785659203877011,0.0,470.5665953370415,20.58656824792496,Coastal,Summer,Evening,Coastal,False,False,0
456,2025-02-26,39.29111846967769,48.56974779956067,1023.1788938133905,19.302590184368587,5.3927803970321735,1.4121967470403667,377.1433383497522,44.30052440917086,North,Winter,Night,URBAN,False,False,0
457,,15.539737634585975,68.97408954404509,1030.7535073533945,19.780373869228022,9.23332617115725,0.9022165024905957,0.0,62.56661646956028,Coastal,Summer,Evening,Urban,False,False,1
458,2025-09-24,19.15855733435934,47.797055740259545,1017.6409188106818,0.0,4.136898863458751,0.04248083158136373,381.39095078972406,43.92536963481938,North,Autumn,Afternoon,Coastal,True,False,1
459,,30.527912675387622,50.611448259088895,1008.0108397473983,23.860517881157154,10.15214922506229,,0.0,58.61955952847909,Coastal,Winter,Morning,urban,False,False,0
460,2025-12-29,4.582698104825667,89.59555295192351,1018.3997020199655,13.987594785262823,9.268727506025005,7.3258047853463815,133.27075697951523,78.03295947488711,Coastal,Winter,Afternoon,URBAN,False,False,0
461,2025-10-16,13.246264931927216,76.83193346902428,1029.5688882420093,6.579296709163463,5.816235353163048,0.0,725.2813771733793,58.70855152009456,Coastal,Autumn,Evening,Urban,True,True,1
462,2025-06-29,26.43440356534501,44.03293793066047,1016.4265802494174,,10.079540812083353,3.1376499383652243,406.3438297467127,9.59709787112962,,Summer,Evening,Rural,True,False,0
463,2025-11-04,16.761604275298026,60.98909305276234,1023.0369368837347,9.790473327196072,3.2129885946145693,2.749537023622338,2104.06706127096,55.60324059580343,North,Autumn,Morning,urban,False,False,1
464,2025-01-26,21.49390611165242,65.08760643507847,1008.3165815394309,13.18874000949013,10.637010663232182,0.0,211.68186347063306,62.63125913774419,North,Winter,Morning,Rural,True,False,0
465,2025-12-05,7.496496996688993,68.07502838221637,1021.0178378213091,74.54732976381602,,0.0,0.0,93.18003469671405,North,Autumn,Morning,Urban,False,False,0
466,2025-06-16,34.53756507579385,18.130959188013453,1014.5304198595805,17.641164791894617,11.522030055372811,0.46589353429350644,1507.0236862554132,,North,Spring,Evening,Rural,True,False,0
467,2025-01-01,9.69995998371515,66.42810751792895,1013.5352021256554,27.927338015648175,6.243679598846702,0.0,1731.8817268058217,61.91284727511384,Mountain,Winter,Morning,urban,False,False,0
468,2025-05-23,8.843547129694379,55.36780153691558,1024.055744156248,15.381512083672146,,0.0,0.0,52.90612302684693,Coastal,Spring,Evening,Urban,False,False,0
469,2025-01-25,6.494764107839854,69.24215217401898,1020.3256207052998,25.025833777617773,7.9966811024622135,1.0570752307095563,273.3537613223569,58.06833265143326,Mountain,Winter,Night,URBAN,True,False,1
470,2025-12-19,20.70459278264423,49.0619446814779,1016.0821434250649,11.166523867499842,7.766278039768058,0.6904049160077603,542.2881577807674,63.68176810020297,North,Autumn,Evening,Urban,True,False,0
471,2025-12-18,12.955900269697654,71.9917761324384,1008.5529829281802,24.015320779517,4.976410471185681,1.3048112099896851,211.3607523790156,60.81399693917663,West,Autumn,Evening,Coastal,False,False,1
472,2025-06-20,23.307371933504726,40.149660879209755,1026.3666970062434,21.199198497199134,1.947313081732693,0.2897499764410207,1011.1258410778605,37.758737366316794,East,Spring,Evening,Urban,False,False,0
473,2025-01-01,1.6930834715715122,78.45591441308173,1004.3746408426524,13.356889283325792,7.729777634311072,0.0,,35.805572781649516,East,Winter,Night,Coastal,False,False,1
474,2025-12-29,17.555050352842947,45.851081728734115,1023.9193374061847,23.159795724505006,6.330981425040563,0.0,883.2916288848942,31.70624391047142,Coastal,,Evening,URBAN,False,True,0
475,2025-11-28,20.69253839574028,,1006.7139159278634,30.537194768043875,5.723501105985064,0.0,384.57926827803834,30.432666303563934,,Autumn,Evening,Rural,True,False,0
476,2025-11-16,2.6042404365312066,55.68992888574827,1008.1520584884237,11.299374663526814,9.344793054988793,4.3607240802382785,,64.66427607885949,,Autumn,Night,URBAN,False,False,0
477,2025-04-01,8.23551914959145,74.11046468779216,1016.5992765309851,21.161464042421308,9.749757106083905,0.0,511.89115814942267,54.94985441194203,South,Spring,Afternoon,URBAN,False,False,0
478,2025-08-03,28.634757645773675,39.3023344292819,1010.4336339852626,19.927352048556514,8.0974971585803,2.4382858519970876,0.0,19.97970800488976,Coastal,Summer,Night,urban,False,False,0
479,2025-03-24,12.809629166407934,36.298488999467004,1013.0158764929794,19.372620923888633,10.282485045232006,4.03682121716895,670.7182153770932,29.16209555121763,Mountain,Spring,Morning,URBAN,False,,1
480,2025-09-10,19.374405603731148,66.50991542144942,1010.0422711673986,,13.392443790938493,3.3176280374265428,40.17468123289268,67.69168596364551,North,Summer,Afternoon,Urban,,False,0
481,2025-04-16,21.290148882777036,52.53042006434712,1013.3926483380415,10.677773236000892,6.891007568285345,1.3763976598825454,421.64903810576584,1.67145162970845,,Spring,Afternoon,Rural,True,False,1
482,2025-06-20,6.993024323743375,58.6998468450297,1016.728268705986,30.93220554754059,7.521740803133778,0.0,0.0,52.13244767794073,South,Spring,Morning,URBAN,True,False,0
483,2025-01-14,20.22847273184711,74.50126416461785,1025.062223891519,13.704133961235767,6.581287305766792,0.0,0.0,34.3078315479506,South,Winter,Morning,URBAN,True,False,0
484,2025-06-12,22.57585394190694,48.5788122379659,1007.5532263974775,19.387536805047034,8.940803435048094,,222.01442019861565,23.413350681497334,North,Spring,Night,urban,False,,0
485,2025-01-03,29.02621564686244,48.492426558494884,1021.2265731634948,0.04631987122673742,6.308693950138929,2.7683758340602904,85.94826258423126,17.76037640049426,West,Winter,Night,Rural,,False,1
486,2025-06-04,25.707820372002068,51.69524022769814,1014.154468645397,19.62634554156558,7.026407620206874,2.8310908700999304,861.7264534833491,38.2196973193352,West,Spring,Morning,Rural,False,False,0
487,2025-10-11,18.677224099670156,80.89032799023802,1013.0644235345521,12.529945247964848,3.6056412350449225,0.0,1395.089306562259,65.03120829891219,Mountain,Autumn,Afternoon,Coastal,,False,0
488,2025-12-30,24.675735972250976,41.494965466125905,1005.5169743590179,20.716652575048993,12.5001412693718,0.0,88.17000220441184,27.652003975848267,West,Winter,Morning,Coastal,True,False,0
489,2025-04-11,,,1007.8726820419221,15.917073449432003,,0.0,154.63594262044637,32.39572026362886,South,Spring,Night,URBAN,True,False,1
490,,,37.65416158917498,1014.091316984613,12.429775472653784,3.2970558551655618,0.0,0.0,54.40355741426126,West,Winter,Morning,Urban,False,False,0
491,2025-11-28,20.49870067207491,50.656844604480796,1024.5042521635232,,1.7602561466767686,1.4369835573262093,1165.5905891632324,71.28560170452539,Mountain,Autumn,Morning,Coastal,False,False,0
492,2025-04-13,21.904641990947024,60.605980787724945,999.8268746609637,8.362723441946589,7.471884868432717,0.0,,,Coastal,Spring,Afternoon,urban,False,False,0
493,2025-07-24,22.72811572161388,44.67719157673403,1016.7574620757136,14.829452063414235,10.038025262443503,1.0386445718014508,486.9820033090122,31.666650504223206,East,Summer,Morning,urban,False,True,0
494,2025-01-28,17.039516737407013,69.51295944265836,1017.8036177611883,10.733730943493809,7.675361137393882,0.0,0.0,54.54381635365786,East,Winter,Night,Coastal,False,True,0
495,2025-06-02,4.061640289570143,71.95180240309608,1008.3085706649314,25.24941857235755,9.394449128051539,2.72693776212151,1251.8699344878182,70.48512157779331,South,Spring,Evening,URBAN,False,False,0
496,2025-11-12,21.75152835803079,63.3360322767682,1013.2779270079416,0.0,11.507741528425079,0.0,1154.3385702572332,55.54287949941067,Coastal,Autumn,Morning,urban,False,False,0
497,2025-03-30,31.320563413827863,74.39839898321091,1016.4094331888376,16.758060308128965,13.15194756491109,0.6359440313214328,0.0,82.6818862373131,West,Spring,Afternoon,URBAN,True,False,0
498,2025-09-29,24.77959704133692,28.676393944538326,1018.5688933155759,19.028968412940507,9.226393368192516,4.398164830838866,57.623065526326286,21.97403635482998,Mountain,Autumn,Afternoon,urban,False,False,0
499,2025-01-22,12.58095849124107,69.36611094027785,996.537593334092,14.283648445426982,9.26790205199563,0.0,,79.12205671125776,North,Winter,Afternoon,Coastal,False,False,0
500,2025-07-21,22.71637841790273,58.49396847537239,1009.953180060457,19.370140167534128,5.235252603567075,1.3543502998565824,464.3760856864607,66.63623333821856,Mountain,Summer,Night,Coastal,True,False,1
501,2025-07-27,15.517015189943798,,1005.3817924555698,17.36621280383748,10.196976997066749,2.405349883639701,336.8703593403358,47.09985522897447,Coastal,Summer,Evening,URBAN,False,False,1
502,2025-01-28,36.437542743289185,43.246420497476905,1017.5654026271723,12.910327263695764,8.34946734132719,0.0,871.8863163998788,18.25911660269111,North,Winter,Evening,Rural,False,True,0
503,2025-11-10,10.32773462098506,77.57766069661025,1001.9754772758057,17.09970872769652,7.210496546576442,0.0,,93.66999746606251,Coastal,Autumn,Night,urban,False,False,1
504,2025-02-10,9.70805089357572,62.40898945430029,1004.0309283810919,4.363879953942364,,0.0,116.62841708020824,47.68278878492071,North,Winter,Night,Rural,,False,1
505,2025-06-03,9.011253377385174,55.786856382395285,1018.8508734097904,21.502234942199436,10.649731797104167,0.0,846.9575694362663,19.335961423544404,North,Spring,,Urban,False,False,0
506,2025-04-18,3.4206348949114798,68.80096909596375,1007.9595085901385,,7.418982677134204,0.0,232.73385973989053,49.467221330713826,Mountain,Spring,,URBAN,False,False,0
507,2025-12-21,16.7730347801978,70.11177980572505,1013.5495053985161,19.812630037252195,12.298395414062645,8.006198831186639,67.31561764614946,57.13095355872865,South,Autumn,Afternoon,Rural,False,True,0
508,2025-12-20,20.96939000539378,71.65152174169855,1013.0461835528137,10.744273205211979,1.7240272724035899,,293.3283469428068,55.884006499608915,North,Autumn,Night,Coastal,False,False,1
509,2025-04-30,15.350707839085944,56.29516017080967,1022.6196954836372,13.454669412777465,5.100059579132487,,50.374798467641654,41.56564393482018,West,Spring,Afternoon,Urban,True,False,0
510,,19.772408768836577,70.79598386170734,,7.765602509428522,2.5828087301785416,0.752588084403173,669.4244776454559,70.83145644102322,West,Autumn,Afternoon,urban,False,False,0
511,2025-09-10,11.519171145831258,50.79586975845946,1014.7461964259269,16.754368671555927,6.854964244675683,1.946664333606463,46.12231474375011,43.92426807469856,Coastal,Summer,Morning,Urban,True,False,1
512,2025-11-19,12.497047613287906,82.26459986066247,1001.5120072701575,6.452897841775885,6.828651438934144,3.23949601216487,802.2497376862169,67.52005177003919,South,Autumn,Evening,Rural,False,True,0
513,2025-07-21,15.817220653744705,55.90664583870104,1021.015689993883,15.624253914086806,12.38904080908966,0.0,1368.805948716491,27.188798591862554,West,Summer,,Urban,False,False,0
514,2025-07-27,11.934631631406868,69.79533205906509,1011.597054125155,10.081342397217966,4.69389984044357,0.0,931.5098801985802,66.62591820606691,East,Summer,,Urban,False,False,0
515,2025-05-12,26.41623821965604,40.980800254857634,1012.4789345371481,0.0,7.340611056826016,0.0,581.8996963157564,7.73530110661806,Coastal,Spring,Evening,Rural,True,False,0
516,2025-01-14,21.73560388870914,56.19501478935368,1022.4648935202598,0.0,8.032945414832943,3.0555922969868803,922.3603059012544,28.612743125537943,,Winter,Morning,,True,False,0
517,2025-10-22,13.420998308314852,44.92340291545098,1004.3977728071794,24.465515966993404,8.247608990136515,,0.0,17.187764291927312,Mountain,Autumn,Evening,Rural,False,False,0
518,2025-02-08,13.25415225464666,65.37678484123616,1012.810364381595,16.134151567963308,2.0507973123951855,0.0,1819.4592096400584,40.888337942981806,Mountain,Winter,Evening,Rural,False,False,1
519,2025-10-11,12.465236656561387,61.65982916171608,1006.5121284626196,19.298902529933404,7.602096445496519,0.0,668.55202541982,42.06687959406096,East,Autumn,Morning,Urban,True,False,1
520,2025-10-11,12.313933618754305,59.812288919048434,1019.5025291112231,8.645909475856449,5.351875779745923,0.0,671.3300897424571,40.15219679134157,South,Autumn,Evening,URBAN,False,False,0
521,2025-09-16,33.82775147579231,,1012.4991079656943,14.352518348946967,2.99245611718822,0.7569798291117399,2558.7670798484614,36.174478617191866,West,Summer,Night,Urban,True,False,0
522,,11.069301271602821,69.29706787458474,1017.6853303228849,16.95586352722046,7.202367120586949,0.0,881.6537509363628,81.67582381690733,Coastal,Summer,Afternoon,urban,False,False,0
523,2025-11-03,11.506142159126718,73.84704386499055,1020.7320993161225,27.054819531966004,8.389820319584716,4.253692590695843,0.0,39.67565248590927,Coastal,Autumn,Morning,urban,False,False,0
524,2025-01-20,9.623495967282041,87.83381544275082,1009.9633764515174,16.437207466654073,11.153238802933302,9.182139420847484,550.1784555294619,91.79693869012675,Coastal,Winter,Afternoon,Rural,True,False,0
525,,22.368932012624292,55.781652538455525,1012.8386380261443,21.824846237107767,13.093634408254669,3.86498229780668,696.3884853084453,61.7663773942998,South,Winter,Morning,,False,False,0
526,2025-08-20,13.377980799953079,60.70257477044064,1011.2272487709383,25.67382213001322,,0.0,0.0,70.3885767476669,North,Summer,Evening,Rural,False,False,0
527,2025-04-16,8.454191275543934,52.6474896475353,1016.4468859963391,19.220316015890575,7.9542037072808265,0.0,1455.2292323701151,41.94028228071679,Mountain,Spring,Night,Rural,True,False,0
528,2025-12-23,36.60921333682206,40.752670874245595,1020.4340504725263,24.0942844677677,10.173140298376392,0.0,41.44187355692435,25.416947716074983,East,Winter,Evening,URBAN,False,False,0
529,2025-04-27,,56.15781839198927,1017.8611749092711,9.766554336323011,9.356322559313709,0.0,1623.4308865643352,41.43546945745197,Coastal,Spring,Evening,Urban,True,False,0
530,2025-07-07,27.002363066391744,42.90055914403211,1002.2737800725716,9.262732917721774,6.355641261489747,0.0,0.0,46.231279048573704,South,Summer,Night,Urban,True,False,0
531,2025-02-03,18.132356824090486,56.70875107875211,1008.4073883415938,9.647753586193007,8.674770820875938,3.100891207401716,550.0385013516336,58.889702106184146,North,Winter,Afternoon,Rural,False,False,0
532,2025-09-07,22.00309478914515,45.37453456663908,1012.2177815785437,23.93168646844206,4.471149455591121,1.0274770258393022,499.2412792255276,14.430704913045442,West,Summer,Night,urban,False,False,0
533,2025-10-10,12.63913994525314,73.50638266805622,1029.8467655655456,0.0,11.707707308902272,3.5403897001337157,117.54946235783137,50.219669733970235,South,Autumn,Morning,Urban,False,False,0
534,2025-06-20,26.413349766451773,59.61441974214223,1011.9512354323394,24.491451222974995,7.55323352389512,0.0,540.286245576211,37.49684055154998,North,Spring,Night,Rural,True,True,0
535,2025-07-08,,65.44876220917388,1016.9298613697216,,9.871771588795214,3.3988474747778623,1946.4805522735671,53.340231517728,North,Summer,Night,Rural,False,,0
536,2025-06-18,7.112031912250211,79.71353921477653,1001.7119791712701,27.18190639560047,5.55874125101345,4.085184092255206,1187.7494554554155,,North,Spring,Morning,Urban,True,False,1
537,2025-01-26,15.946395513374306,64.96150260782764,1008.223209403845,22.560944248160574,9.679265694012722,0.16655173792310818,1589.702168507157,71.35372590822197,Coastal,Winter,Morning,URBAN,True,False,0
538,2025-06-20,,43.48291632694487,1019.9849176095162,20.112418568518194,0.8061243668528917,0.0,1947.7329254682293,36.276371283128846,East,Spring,Evening,Coastal,True,False,0
539,2025-01-13,25.650109649606698,31.257428612514786,1014.8338282868069,11.7199343989424,7.57610650742253,0.0,1170.5033293265296,12.365084516891518,Coastal,Winter,Evening,urban,False,True,0
540,2025-03-30,18.014395136683337,43.878494942158696,1011.3525291901412,13.103925313368624,6.907865880085321,0.0,779.1166820412826,,North,Spring,Afternoon,urban,False,False,0
541,2025-01-03,-15.0,83.49493757193825,1027.557185908108,17.928233917495785,5.6984041317690854,1.7086798562395307,0.0,57.50620151564281,South,Winter,Evening,URBAN,False,False,1
542,2025-07-11,8.59042903799823,69.60704204332642,1014.9926299587921,19.822695745702127,9.94168202018857,0.0,582.2355950430664,36.6870409494593,Coastal,Summer,Evening,URBAN,True,False,1
543,2025-03-30,17.6139855557605,58.36497213658326,1006.7268828336767,12.05434550816761,3.5464085695969594,0.47026639810943305,352.44018627752325,36.296974806921824,South,Spring,Evening,URBAN,False,False,0
544,2025-04-25,15.247418188243847,68.95756226393516,1003.5384189702158,10.481899692965571,7.711419855525403,4.044032906168224,1108.694054855342,67.71901184972334,Mountain,Spring,Evening,URBAN,False,False,0
545,2025-02-11,30.421367799269426,45.082208641367515,1019.2853324378914,11.928495319402849,9.530758176791833,0.0,731.2025711034466,67.64163542464716,Mountain,,Evening,Rural,False,False,0
546,2025-03-26,,54.21976266399017,1008.3467943202259,12.181816018173532,12.180658040107652,0.8423317827898108,752.6627111315668,59.61421495840095,South,Spring,Morning,Rural,False,True,0
547,2025-10-11,8.110019822741057,68.48473909552162,1020.5072826656901,22.463070236603507,11.343376292913334,0.33953660383885775,1042.3709363835223,45.40166330921697,North,Autumn,Morning,Coastal,False,False,0
548,2025-12-01,6.824400126727015,73.89090473879777,1004.0921631446513,15.618830820259003,3.763519448910327,0.6517604949746816,249.77306087911217,,South,Autumn,Night,URBAN,False,False,1
549,2025-02-04,17.497311794862853,67.33905223923404,1010.7943689872246,11.067771151130593,9.131153896749208,2.719935791580438,820.278132509252,65.33101798267289,North,Winter,Evening,Rural,False,True,0
550,2025-11-12,14.741193915637181,67.12346052151187,1022.7916221612159,22.289196554839073,7.464094734939046,0.4940129446339344,102.19045019248722,68.11589607075149,North,,Afternoon,urban,True,,0
551,2025-08-25,19.667769155669745,65.39393769277157,1014.1251311125851,14.4401047711174,8.963732104567397,0.0,1022.4586313594134,55.30942373795881,Mountain,Summer,Morning,Coastal,False,False,1
552,2025-10-23,15.718933341284789,66.7897183146073,999.5065546751788,35.422568489076845,7.491816673645936,,1064.650158405947,58.778283024131625,East,Autumn,Afternoon,urban,False,False,0
553,2025-04-03,,47.68226864667746,1016.7339505704869,16.710705958565583,8.24022627944041,0.0,1363.1040675625923,61.323275608713956,North,Spring,Morning,urban,True,False,0
554,2025-12-03,22.340383126031615,70.35195320211687,1013.6225935190469,27.716476383091678,2.086854859414262,0.0,30.006716013817538,49.86290210863082,Coastal,Autumn,Afternoon,Coastal,False,False,0
555,2025-03-06,25.49890871187051,,1009.5323841838843,18.099771386907733,9.30151723713797,0.0,0.0,37.34848187784098,West,Winter,Afternoon,Coastal,True,True,0
556,2025-01-31,,66.93085654877676,997.5245774222718,14.51704292657285,2.4414559265293265,0.0,1317.6316054978865,74.16595281536048,Mountain,Winter,Morning,urban,False,False,1
557,2025-11-16,17.83994305175678,61.737289968722166,992.2602296641411,17.466393622119604,12.418194885977655,2.454457507432718,1404.2401330453804,31.977325451086166,South,Autumn,Morning,Urban,True,True,0
558,2025-04-15,13.9565486777771,51.268448931653694,1007.1766719560034,7.5638253243824165,9.040008356400731,,420.25367593052806,39.386317908284354,Coastal,Spring,Morning,URBAN,False,False,0
559,2025-04-11,10.697525303595953,67.00211185473046,1015.9033705444803,31.627856478187017,10.744017312179764,0.0,1077.1290712304751,53.74859868692916,West,Spring,Afternoon,,False,False,0
560,2025-11-06,45.0,28.818725725857114,1010.1325230568063,17.262002698622254,11.255396652332193,0.0,522.6850252996402,39.263467283630135,North,Autumn,Night,,False,False,0
561,2025-08-08,,59.97102402966223,1028.419496979844,19.873812370292008,9.319334154247468,0.0,1312.8491827438309,48.11837419601905,East,Summer,Evening,Coastal,False,False,0
562,2025-10-24,8.601530646058793,77.25883334370242,1011.1879419242173,15.991480986993192,6.645559427502544,3.495860620798265,355.86957586132075,80.05924653913951,,Autumn,Afternoon,Urban,True,False,1
563,2025-08-05,19.040698846244315,47.96491216505248,1022.3924577321512,23.960648059143857,7.9232644256340725,2.918006663825789,0.0,48.45962128427146,,Summer,Morning,Coastal,False,False,0
564,2025-11-23,18.57650620258215,,1012.73263168899,17.735519117787074,8.478678507391626,2.0298074267909296,218.47751150866412,39.14486747665167,North,Autumn,Evening,Urban,False,False,0
565,2025-01-14,20.26317853841228,39.61702342390036,1010.5776776927355,15.783514123360415,11.079735669804423,0.0,547.7525003376787,19.007967894759197,East,Winter,Night,urban,False,False,0
566,2025-09-26,9.821756459014853,62.87397021093607,1030.1322601131624,18.827922604659978,7.955620557235265,,0.0,35.37000470534022,West,Autumn,Evening,urban,False,False,0
567,,33.20956038871236,47.992564649923125,985.4121517770863,7.239205246436227,4.957233341364354,2.409143138633051,0.0,22.349975290378964,North,Winter,Afternoon,Rural,False,False,0
568,,24.90986518230536,67.41414642226282,1002.7316136623111,4.138556358390309,13.748010917856528,0.0,1368.2210342778312,64.19378053492136,Mountain,Spring,Afternoon,Coastal,False,,0
569,2025-03-30,12.081241482252707,60.77237541761521,,9.999375397539769,7.057833396605204,1.1068006975269828,788.9974147495639,53.044707230021416,West,Spring,Afternoon,Urban,False,False,0
570,2025-03-31,22.31391665741722,55.106314047001966,1018.0202089223533,15.403691906695268,8.882701415344187,0.22417991996287218,0.0,50.142642372338806,East,,Evening,Coastal,False,True,0
571,2025-12-16,7.255713437419926,62.96657756168666,1015.2729801895993,28.392039190164695,,0.3305293923934664,654.1923214169972,29.512323892423098,East,Autumn,Night,urban,False,False,1
572,,19.097802948025986,58.72651790889694,,27.264409161765833,10.251405775459165,0.0,0.0,46.719278435206235,South,Spring,Afternoon,urban,False,False,0
573,2025-06-21,25.544665148015387,62.299814245148504,1008.4527090197146,16.749004673336227,4.663875930511166,3.955393309366594,353.428952061102,91.37840154419332,Mountain,Summer,Evening,Urban,False,False,1
574,2025-10-23,31.03602071577779,63.881507862028855,1022.1292342000818,11.507239369658032,,0.0,0.0,58.607572402812124,South,Autumn,Evening,Coastal,False,,0
575,2025-01-03,13.088921930452987,53.35473593855882,1006.9770830994315,20.56817293127709,6.5172135107548295,6.95442708132394,294.4470336573986,50.00259386902583,North,Winter,Morning,Urban,False,False,0
576,2025-04-03,23.155619787445346,74.36812358510065,1032.195614385134,21.89153874989529,3.562140078685796,3.303959351968788,488.2342785066431,79.29058684271523,West,Spring,Morning,URBAN,False,False,1
577,2025-08-24,12.2007147193643,35.562159170047586,1022.4933324658391,19.606957065097482,6.145928971627653,0.0,370.73513647464927,40.933445047715196,South,Summer,Night,Coastal,False,False,0
578,2025-07-11,14.677527305466608,58.56251917730557,1017.4530471796321,20.421196898680293,8.69421846509334,1.242508896362417,0.0,31.164609364501374,South,Summer,Night,Rural,False,False,0
579,2025-11-04,16.378910437199455,67.42787270251495,1019.5443014894772,16.32957126926111,8.61484223807687,,1395.2559616951148,56.00393666331262,East,Autumn,,Rural,False,True,0
580,2025-05-16,36.527213827678864,39.86417905592725,1002.6884955747339,11.094048871230306,9.771127743822866,0.0,270.0062087751547,22.542655500170902,,Spring,Morning,Rural,False,True,0
581,2025-04-19,29.54415768713225,61.62217527606419,1022.901077688511,14.552394161767866,5.753028808058829,0.6784838442322918,357.58756737127777,57.69284993061981,East,Spring,Night,Coastal,False,False,0
582,,6.6108049462859935,,1015.1754810603713,20.44623763507007,15.735174267623075,1.860970090284635,0.0,83.0129407556961,South,Autumn,Night,Coastal,False,,0
583,2025-09-04,19.03458590054321,,1011.2813280440286,11.70613526365136,5.9335397828742185,0.0,0.0,47.52335539429963,Coastal,Summer,Afternoon,Urban,False,False,0
584,2025-01-09,,73.04972355477258,1008.3452094982919,17.016963466699544,10.140033556161985,0.0,1630.9593596538587,72.15710670257522,South,Winter,Afternoon,urban,False,True,0
585,2025-09-09,26.601451144653712,51.39788281909236,1011.6622449439061,33.238166935257055,6.211647369424124,0.0,1011.792396612225,45.251696825526565,East,Summer,Night,Coastal,,False,0
586,2025-06-26,33.31625835403299,39.78102683314928,1014.0193281419496,12.075563072894113,,1.2072687703258058,65.18231712537943,,West,,Evening,Urban,,False,0
587,2025-03-12,28.78330228769662,69.37738506223661,1007.289524464305,13.485795541932779,12.243151685467613,2.7662680694962702,0.0,68.55864609178742,East,Winter,Night,Urban,True,True,0
588,2025-05-26,24.280350333085217,32.356875483698424,1011.3335464154974,21.52846664911199,8.395148848255976,0.0,1364.701840832299,0.0,Mountain,Spring,Evening,Coastal,False,False,0
589,2025-06-03,6.736920170891338,80.63659481181303,1009.3566936561328,13.62671981675333,4.099682278941958,4.657295712997919,534.9835422224531,76.13828123899404,North,Spring,Evening,,False,False,0
590,2025-06-02,27.531999101062347,54.85416717597536,1005.5533958421657,17.220447168171713,3.2665207600614146,0.0,0.0,37.48071954182416,Coastal,,Evening,Urban,False,False,0
591,2025-01-31,18.040566499171057,44.59556833958629,1008.328479063259,22.457591427313673,13.007426921267797,0.0,301.86433009763056,39.17380769385303,East,,Afternoon,,False,False,0
592,2025-01-09,20.52519524415434,44.79053084119013,1010.5693625672066,19.10444109668012,17.196192215564952,3.1692074120981175,1078.4745772695464,28.99876645345136,South,Winter,Morning,Rural,False,False,0
593,2025-12-12,23.618289169178002,51.969074594856565,1016.0155494673958,14.777359907562895,9.524330052010988,0.5007237281661446,651.4759477659659,,Coastal,Autumn,Night,Coastal,False,True,0
594,2025-03-16,11.24791720654683,74.04488851041828,1004.6741185240011,6.476430624613311,7.627968334674369,0.0,0.0,84.90137964974582,North,Winter,Evening,urban,False,False,1
595,2025-03-04,28.62582324151196,54.56107912015301,1013.728950201713,17.486445905280426,6.43519491963953,0.0,0.0,,Mountain,Winter,Morning,urban,True,False,0
596,2025-04-26,,59.1164811770496,1007.5875287001106,9.9764678195126,5.272605362787407,0.8949454460814378,611.29230024237,41.965473988670624,Coastal,Spring,Morning,urban,True,True,1
597,2025-07-29,21.146777384420936,48.4238591082602,1008.015814386762,6.224901758764576,9.705162716551925,0.0,0.0,43.216901480872245,South,Summer,Morning,Rural,True,False,0
598,2025-06-13,28.84669245134061,,,9.454037915480775,,0.0,467.930431143167,41.05349630697839,East,Spring,Night,urban,False,False,1
599,2025-07-14,,44.036616076301605,,,5.802251752084693,0.0,1421.3828588437282,44.08139293716599,South,Summer,Evening,URBAN,False,False,0
600,2025-04-27,4.058627090560627,64.7861017882033,1010.0836813389842,17.594273421234668,8.323263079984718,2.288163361769955,978.9560983614933,39.49979664432276,Coastal,Spring,Evening,,True,False,0
601,2025-04-01,23.068289180356935,49.726824395116545,,28.103308108682022,8.982873570857416,0.49576588238327235,468.63037450743127,49.99756268012034,South,Spring,Afternoon,urban,False,False,1
602,2025-10-30,23.73357129659362,60.44432315067803,1005.936197499868,,8.852526081231733,0.0,162.00920606325866,,Coastal,Autumn,Afternoon,urban,False,False,0
603,2025-11-07,22.737153260971212,45.0837413250228,,5.7467379078153655,6.074427120560823,0.5466894462351715,300.0332493706611,39.279163302931934,South,Autumn,Afternoon,Rural,False,False,0
604,2025-06-02,15.544003777535151,66.94205279623675,1026.2334334709865,,12.8951136422642,0.0,603.1431351887583,31.932710778996757,East,Spring,Evening,,True,False,0
605,2025-06-29,20.762121481980202,57.13737976668957,1008.9635458962224,15.587449632897652,6.465539917592206,1.5792929019999715,446.17442406038714,40.5089400717009,North,Summer,Evening,Urban,False,False,0
606,2025-07-01,27.79632713889728,47.239325476778,1012.0182450116735,15.345420504639362,3.518122538198636,1.2590989071135914,0.0,36.29784195026545,Coastal,Summer,Night,Urban,False,False,0
607,2025-09-21,21.323718459856607,,1015.5884125268252,7.573256516495932,9.107667257678694,0.0,0.0,,South,,Night,URBAN,False,False,0
608,2025-11-19,19.841433247344522,54.85332772356736,1019.57299834679,21.32381752550615,9.058244588572919,1.8746164347648508,115.0607847629002,30.47236583368911,Coastal,Autumn,Morning,Coastal,False,False,0
609,2025-10-18,26.52902010209783,48.032123574196284,1018.0371244376438,24.738067399169744,10.828208836598257,0.0,694.5055881990712,32.01025589562843,North,Autumn,Afternoon,Urban,False,False,0
610,2025-09-21,25.095014417814085,57.93708979689796,1004.8737764450036,7.9091612326822,8.543346613741488,3.0094130947898057,0.0,54.26105683498686,West,Autumn,Night,URBAN,True,False,0
611,2025-01-06,40.09662492317886,30.492073307914254,1011.7876274400652,13.178560884599364,12.208669421597492,1.6443595536086253,882.9814076876758,7.0986199143783,South,Winter,Night,Coastal,True,False,0
612,2025-09-07,,53.84138585456872,1009.8446318548893,,14.202282998822854,0.0,1027.9450955599482,51.17731613632911,Coastal,Summer,Afternoon,Rural,False,False,0
613,2025-08-15,16.532496370701452,35.848571646835325,1008.8966761975072,14.876302745899693,7.40590491669669,4.169209267890938,0.0,36.65238219212685,Mountain,Summer,Afternoon,urban,False,False,0
614,2025-01-08,33.3560085066869,59.46040557620405,1015.5582745284689,0.0,7.182143393522016,1.39323298840195,,34.111818222447276,Coastal,Winter,Evening,URBAN,True,False,0
615,2025-06-02,9.272110879699811,49.99301292514985,1020.4408993743871,27.773995997900208,9.47636658408685,0.0,1202.368224995077,73.08175425910902,East,Spring,Night,Rural,False,True,0
616,2025-01-25,14.936736297367958,,1013.1578970687925,,7.227597691645876,0.9118688358629905,1210.3500200859908,36.468558462528414,Coastal,Winter,Morning,Coastal,False,False,0
617,2025-05-04,26.702725142663013,62.652455679587696,1008.0708200635402,8.624517771932751,6.931175706474062,0.0,685.1867805865803,34.61137930267278,Coastal,Spring,Afternoon,Rural,False,False,0
618,2025-01-04,22.115690909670178,65.51963446724233,1017.3968977218042,17.55667696639422,4.5050262667729015,0.2534393366368281,109.72986853828519,43.156374741028884,South,Winter,Night,urban,True,,0
619,2025-03-30,7.27976183807619,70.97632664888428,1015.2490505064936,13.940822895366335,7.456697400497599,0.0,574.697511221218,68.7473252580527,West,Spring,Afternoon,urban,False,True,1
620,2025-12-16,39.888568787229914,36.05886056989376,1003.0670438461079,15.98501278574578,,0.0,1566.6003258843025,25.69549171600424,South,Autumn,Afternoon,URBAN,False,False,0
621,2025-02-05,14.45322989835083,61.68734239205103,1013.2124285675438,20.566707717062645,5.550845461444118,3.238536190268824,112.36116357999748,42.405863164964344,Coastal,Winter,Afternoon,URBAN,True,False,0
622,2025-07-25,22.478261551835,54.34794328540062,1012.6987631005519,8.769828748421432,7.423525500465642,0.0,547.2304354834279,22.964900461799434,Mountain,Summer,Evening,urban,False,False,0
623,2025-09-22,12.963050037247223,51.04215227464601,1011.4158466223307,32.23097145475526,5.464103447692857,3.0162484934873897,1133.3710107564089,51.9431585932884,South,Autumn,Evening,Coastal,True,False,0
624,2025-02-18,12.951592702181019,65.44420315816933,1012.4716884176452,14.66391206868669,8.851489857585033,0.15708640890711778,1407.0379834275514,68.9086904968775,East,Winter,Morning,Rural,False,True,0
625,2025-03-27,24.85398031087419,51.57929033247521,1022.330790327466,10.329191157080064,8.740487140828185,0.0,,48.155567587139466,Coastal,Spring,Morning,URBAN,False,False,1
626,2025-02-18,37.576758732546764,23.081963457854425,1017.1887194529046,7.774620289146596,5.546633593673143,0.0,849.9360944505014,0.8439511524265519,South,Winter,Morning,Rural,False,False,0
627,2025-01-17,16.60246424857101,66.28464121266154,1013.6177673466981,14.252278577017604,11.169863554993373,0.0,1612.2461303449898,66.39175660680527,,Winter,Evening,Coastal,True,,0
628,2025-05-22,33.45490005425325,51.16952946196197,1011.4768376191687,13.432434925976073,8.376482292305514,1.370649868736413,340.75465135581175,12.70779463665162,Coastal,Spring,Evening,Coastal,False,True,0
629,,17.85147192013589,56.571130890843364,992.5728588082071,0.0,15.436485219971948,0.321299093630532,224.75844469391893,28.682831818264166,West,Summer,Morning,urban,False,False,0
630,2025-12-27,19.65870225015512,58.48652188400441,1005.298887839111,11.798622402656262,6.016374427536338,5.41628471020463,0.0,58.583011581044474,West,Winter,Morning,urban,False,,1
631,2025-09-22,,47.46823605652218,1017.5345413227607,,7.340926863975385,0.0,518.7976234987327,46.62231916799706,Coastal,Autumn,Evening,,True,False,0
632,2025-07-02,23.3273956476049,43.363666701541305,1004.4077959432105,8.744991328952466,3.847062612800544,0.0,0.0,31.02645639194469,East,Summer,Afternoon,Coastal,False,False,0
633,2025-09-16,21.31695765775906,57.67002124339343,1019.5221428181878,1.7522492075507206,5.508920575261898,0.0,732.1627610426208,57.37124943261179,East,Summer,Afternoon,urban,False,False,0
634,2025-02-13,,58.41437061595215,1007.9105874103535,116.39361973777694,,0.07921284715987241,1716.1218263586006,54.917709543520445,West,Winter,,Urban,True,False,0
635,2025-03-04,28.057436943224573,46.053373330779685,1019.3416978953342,26.235670677346427,9.346345031147672,2.0575269901389897,0.0,31.643735863449574,Coastal,Winter,Night,Rural,False,False,0
636,2025-06-08,38.085809341545676,45.89111880010911,1003.8430763817153,27.104345532072998,9.67933772964076,,0.0,38.692061524214,East,Spring,Afternoon,urban,False,True,0
637,2025-08-28,11.068121467495178,59.82351452629079,,,7.886213853989942,1.001518845109274,117.47545991139123,62.46288248197371,South,Summer,Night,Urban,False,True,1
638,2025-10-26,15.30625045318455,69.02659453794594,1010.9692492018488,,9.897134702795583,0.0,814.3839822644184,26.08455035474956,West,Autumn,Morning,,False,,1
639,2025-09-25,16.601901214468775,44.47686428815655,,25.914320635063333,10.197327031018602,0.0,798.661099644329,33.09390583906003,Mountain,Autumn,Afternoon,Rural,False,False,1
640,2025-09-24,-1.2338950409464076,71.83774919252829,1007.8607357537371,23.940396353057757,11.992874351127831,0.8081962803154648,0.0,73.95417168538363,Coastal,Autumn,Afternoon,URBAN,True,False,1
641,2025-10-16,,59.6396433434603,1007.8672674779119,13.014110362629747,10.52886116010226,0.0,135.91731124488916,34.056739178883674,North,Autumn,Night,urban,False,False,0
642,2025-07-04,30.7918753643285,46.64648448252134,1021.0183890534308,18.964082278316965,14.25776006917501,1.6490495025494545,1250.2269001601335,42.163096533762356,North,Summer,Afternoon,Rural,False,False,0
643,2025-06-25,24.776487861541707,68.34804206164479,1003.1196883329723,26.123512381908277,7.133603520531819,0.0,538.8619379735086,75.21967620243879,East,Summer,Afternoon,Coastal,False,True,0
644,2025-09-26,11.989451620709339,51.762860002917336,1000.2300890304167,22.61595566865739,11.489455996510785,0.7682089214559484,0.0,53.994810136694745,North,Autumn,Morning,urban,False,False,0
645,2025-12-07,15.1315349573463,56.49557685588233,1011.4365729362428,13.835570832732042,4.218974181321808,6.796817914359812,515.3399232210674,26.76014286192482,Coastal,Autumn,Morning,Rural,False,,0
646,2025-08-31,2.7104977913003054,75.51171785980321,1013.6258474491658,11.607212828307894,3.2043282751947766,2.0461382087404067,1043.9612080563447,59.78437836332071,Coastal,Summer,Evening,Urban,False,False,0
647,2025-01-09,27.08483091614659,43.0929720621092,1011.3124539766372,20.26933426477343,2.7614811268076753,0.0,460.7471701438663,41.518631791287234,,Winter,Night,Rural,False,False,0
648,2025-12-06,33.04062062114079,64.27133396643987,1018.3890140719346,15.064469556606833,7.89818587935,0.0,600.2067786079884,48.04935398706487,South,Autumn,Evening,Rural,False,False,0
649,2025-10-07,23.113131088365044,42.017089419338376,1022.6549363659287,19.21930055729907,7.1786056361348,0.0,711.753451750554,38.43685538142427,South,Autumn,Morning,Rural,False,,0
650,2025-10-16,34.35846983221639,47.88748917289258,1011.9987126414752,10.421147385067592,9.971772842469841,1.3006031423097497,961.4248678037989,50.358599760737775,North,Autumn,Evening,Rural,False,False,0
651,2025-03-12,1.7084683844180546,63.527609909340526,1016.9360005194145,9.478782130191764,5.2301944390894715,0.0,261.05870913341397,60.124925589536645,South,Winter,Afternoon,Rural,False,False,1
652,2025-09-20,5.6943732731274395,65.63974495519989,1020.876506217726,26.438087123886298,8.958391375252626,3.128423829748292,283.26418252490845,46.99566910663564,Coastal,Summer,Night,urban,False,True,0
653,2025-11-10,29.168810599236515,29.55478682730326,998.5314117223678,18.814931727656326,3.219769476766168,0.09943731537240791,813.9376425928166,25.86351281309211,North,Autumn,Evening,Rural,False,,0
654,2025-11-11,23.583309886062043,69.82586647083949,1005.6735744093442,21.584390236741932,8.027074262868725,3.1637927569631863,833.6844294114852,68.54132476830904,,,Morning,Coastal,False,False,0
655,2025-06-13,29.579058660483426,55.743927899551004,1008.4799548245961,27.126248428456325,11.044099432023582,0.0,0.0,34.863959478605956,Mountain,Spring,Night,Coastal,False,False,0
656,2025-03-23,16.960422725762832,64.82898673524141,1011.5717981271833,17.973822405657554,9.058133919289967,0.16580996282393584,476.10970838463135,64.59296246123404,East,Spring,Afternoon,Rural,False,False,0
657,2025-02-11,18.30213142746979,66.13870585005729,1032.3631007044312,11.726436080886566,7.040419443711469,0.0,0.0,48.76000591484823,Mountain,Winter,Evening,Urban,True,False,0
658,2025-01-09,5.4192553768399225,89.56511904183077,1016.8325756428256,30.875211536637433,7.583572968429563,1.704018375841871,1023.3822609379096,69.76733344321661,South,Winter,Afternoon,URBAN,False,False,1
659,2025-08-14,33.91461499733518,10.0,1011.9405519751247,,6.614425737415376,3.9144254020376197,714.4802703055358,0.0,Coastal,Summer,Morning,Coastal,True,True,1
660,2025-03-15,23.41945195708937,55.3552882423496,1012.6177544039624,17.96106149787447,9.613136233450737,0.030532759578667037,1227.7959781335753,1.4566837707067606,Mountain,Winter,Afternoon,Rural,False,False,0
661,2025-11-16,33.074987113006415,64.08489357723084,,34.466121948540575,9.895908911637871,0.0,1393.5339106300034,51.32888415998136,Coastal,Autumn,Evening,Coastal,False,False,0
662,2025-09-13,12.625392161680487,68.80785115166618,1009.7485537015721,12.043492417091134,11.373922319515465,0.0,0.0,52.778170767038105,,Summer,Night,URBAN,True,False,0
663,2025-02-25,17.0403623643945,59.710054702865335,1021.2079409039682,5.864533528660196,9.087526842420196,0.16520321786605263,19.08803228627812,34.15889994898467,North,Winter,Night,Rural,False,True,1
664,2025-01-05,-1.4966806374179278,98.50305036241625,1005.5579957962063,4.919513787800142,9.460903258192074,3.0925573977032697,1294.5669619257242,100.0,North,Winter,Afternoon,URBAN,False,False,1
665,2025-02-06,14.861820243300818,69.73407731222116,1022.2982878734178,14.211344855216819,5.62934111543311,0.0,,52.059855540706295,Coastal,Winter,Night,urban,,False,0
666,2025-06-12,10.713086728614215,62.86740294623853,1027.5742037215002,14.471984509877682,8.700062184358828,2.5462201427964417,299.31115546309843,48.170640221816925,North,Spring,Evening,urban,True,False,1
667,2025-07-12,12.003075414525945,61.239055936881776,1027.3963597555878,21.293330863607096,5.846624072510071,0.0,1456.709749034003,48.56554137375768,Coastal,Summer,Evening,,False,False,0
668,2025-06-22,33.304411258041284,27.259477441183346,1003.7320262382967,,8.52974720402072,0.0,1046.170999171466,11.710672001547191,,Summer,Morning,URBAN,False,False,0
669,2025-01-29,22.911318295491647,39.03805547585169,1014.3365317937946,22.945759142573188,7.241357628238559,1.0661528243177922,661.4474885463833,53.51421472354021,North,Winter,Evening,Rural,False,False,0
670,2025-06-14,25.23329335775081,47.59874054370921,,0.0,8.715248814392455,2.6941803951379226,86.03312059620828,5.679972798927828,South,Spring,Night,Rural,False,False,0
671,2025-02-27,19.90399575563154,50.72959438934289,1020.3587889178867,8.780981322292604,6.9451139710081335,0.0,2126.7123557904833,36.85246118401862,North,,Evening,urban,False,False,0
672,,34.45648253513158,28.64004483606843,1012.3494647288449,12.28638848655195,6.158240799531198,0.0,0.0,43.20566344722539,South,Autumn,Morning,Urban,,False,0
673,2025-02-20,,59.9434221021457,1018.4964987315317,11.733417763342164,,0.0,305.9083370348486,50.64319589597233,South,Winter,Afternoon,Urban,,False,0
674,,21.30533848430568,65.68781660186335,,14.077634613738203,6.8992449635316095,0.0,0.0,46.53428664565202,Coastal,Summer,Morning,Urban,True,False,0
675,2025-03-22,45.0,25.925897367530013,1014.1759458798464,7.355079157588129,8.030557075059312,0.6811092143419033,0.0,44.2723430913038,West,,Afternoon,Rural,False,False,0
676,2025-02-18,12.132651061271853,66.71296221489563,1006.3847102783521,19.689766522302097,9.353478351161408,0.0,834.0610877620189,37.079988224691675,Mountain,,,Coastal,False,False,0
677,2025-09-04,34.99431273965918,51.5577243044979,1020.0027874104688,13.777991456716997,8.763963005657393,1.6849804954072314,0.0,67.51755895690326,West,Summer,Afternoon,urban,False,False,0
678,2025-07-26,40.64759917101505,54.16761641126863,1018.3264162312648,39.57939499225235,7.225525109909109,0.0,461.618026470544,35.494933323142774,Coastal,Summer,Night,Rural,True,False,0
679,2025-07-16,32.19203245375084,61.795673742553745,1005.1272813224513,36.54099108805607,5.507560078085334,0.0,871.0262770419126,45.590681478102496,,Summer,Morning,Rural,False,False,0
680,2025-04-18,43.08712539064273,56.58484667409185,1026.3459185895135,14.831811187208856,4.967182227337995,0.0,165.33857470329394,66.08409906166214,North,Spring,Afternoon,Urban,False,True,1
681,2025-10-31,30.693381084205555,52.195961647623164,1008.3003643623153,17.20418404157436,8.49307298006571,0.0,1588.1845796669295,39.17895126479003,Mountain,Autumn,Evening,urban,False,False,0
682,2025-02-11,7.4021200927885555,66.38747439949404,1021.0544837675797,16.63591386346153,8.265108499803489,,619.3805309456893,72.05123016234252,West,Winter,Afternoon,Rural,False,False,0
683,2025-06-10,16.415542885689593,64.15849439945193,1012.3794052205151,0.0,2.2922703569498806,2.7544121638702466,1099.2809988923868,,South,Spring,Afternoon,urban,False,True,1
684,2025-11-20,38.35245989209221,53.27561235004174,1015.2485316355893,13.523769050022231,5.208061794415978,0.0,1696.317036781282,46.191527686260294,West,Autumn,Night,URBAN,False,False,0
685,2025-05-13,23.712669319422343,38.08917755879362,1014.7548524441851,9.829567597138876,6.723509205509504,0.0,0.0,0.0,East,Spring,Morning,Urban,False,False,0
686,2025-01-24,25.969949385733216,,1009.2949380635108,29.344459162054797,9.043084797880256,0.0,1084.882432644388,27.284536407703843,Mountain,Winter,Morning,urban,True,False,0
687,2025-01-02,9.015303881623023,79.56935087218656,1015.4020565420318,,9.637210017265048,0.9566627171664187,804.8955196067584,42.69274954239329,South,Winter,Night,urban,True,False,1
688,2025-12-13,13.992295513875032,68.86248025139604,1014.9556088913059,23.818451568453042,8.802230808900832,0.451409617117712,854.7756163493727,64.32351664425929,West,Autumn,Morning,Urban,False,False,0
689,2025-02-28,32.0836799702635,51.872012802003205,993.4690969270016,1.4093665540258247,6.842930117825054,0.0,508.8728287499621,36.87664731274809,East,Winter,,urban,False,False,0
690,2025-10-02,5.415302232479167,57.69573204566473,1015.145684808153,16.52393101964677,9.101649799596107,0.3566143745340308,1578.4223060765453,,East,Autumn,Evening,URBAN,False,False,0
691,2025-02-11,6.302603449485735,66.7418206238016,999.2339868502173,13.915925523487989,8.461945298610313,0.0,0.0,63.44451990485737,Coastal,Winter,Evening,Urban,False,False,0
692,2025-12-30,28.895820083396618,63.4373661762502,1002.2977452930587,18.212650843662058,,0.0,0.0,77.4072812197495,Mountain,Winter,Evening,Urban,False,True,0
693,2025-12-25,20.234415034240914,69.35220275567917,1014.0482462653018,18.183101029278806,7.705458358923586,1.9347477666925554,439.1874517651161,28.493137733695733,North,Winter,Afternoon,URBAN,True,False,1
694,2025-07-22,12.930953304881923,64.64967701820976,1015.7208231087934,6.615183004734373,2.3532355252632122,0.0,252.34464072596873,38.79632849979416,West,Summer,Evening,urban,False,False,0
695,2025-11-21,1.0740966768246167,55.51331895802798,1025.3933940319243,10.476159763039846,10.406796189650539,4.493427775229453,0.0,36.10799172000287,West,Autumn,Evening,Coastal,False,False,0
696,2025-08-17,16.99322244685197,70.17091389888938,1005.6142014945747,19.175566468625206,9.73930583421919,3.3103302426395507,741.2425925593229,52.44970498021732,North,Summer,Night,URBAN,False,False,0
697,2025-07-18,20.372154720389442,49.53068952204285,1014.2039590756096,16.185959053955383,8.767018223109792,2.963682376922552,62.762720636838935,42.8185757309013,North,Summer,Afternoon,Coastal,True,False,0
698,2025-05-10,27.90399125934822,42.246106733277855,1013.4913697303224,22.053355508508425,8.563836279863212,5.435055277734092,261.28790054139785,22.508627705855815,East,Spring,Morning,Coastal,False,False,0
699,,32.12464418205984,51.29311728583335,1004.3307429350475,20.825336851905014,13.09676389089706,2.811872927292884,1668.1477639055436,41.6212316167384,Coastal,Winter,Afternoon,URBAN,True,False,0
700,,14.440343117535855,72.44774516153245,994.5127736936754,14.643833295075751,7.409623628427946,1.0830495709497234,0.0,73.09127654781713,West,Summer,Night,Urban,True,False,0
701,2025-11-17,24.536786510809577,,1012.7031865696322,20.583362273498704,6.1292126810608085,0.0,492.8516633125615,14.24039836058655,North,Autumn,Afternoon,Urban,False,False,1
702,2025-02-05,12.31578825304834,55.481072189598095,1012.119364441017,7.575928283071056,15.364835745430803,0.7864463396655951,1500.4640141754699,50.4403985031925,West,Winter,Afternoon,urban,True,False,0
703,2025-10-29,26.886600883479186,59.62832451123141,1001.5994937190881,0.0,9.970506094716058,0.0,1010.4213478053063,32.02898401394786,,,Afternoon,urban,False,True,0
704,2025-07-06,27.643486734967617,57.048237343777004,1025.714018358851,3.396204076936037,2.3434603555149938,3.624505413550481,618.3448550786889,36.726770730061276,Mountain,Summer,Morning,urban,True,False,0
705,2025-11-15,32.34104138610128,40.135459869184565,1018.1301437810597,16.140872819462295,7.534047246951049,0.0,1217.1174762502394,28.348555066539387,West,,Morning,Urban,False,True,0
706,2025-02-26,29.493654237082183,39.76675261656109,1004.1951972668876,20.90470019065014,9.601816646167476,0.0,84.59305523529792,53.04693739951612,Mountain,Winter,Evening,URBAN,True,False,0
707,2025-10-15,39.888190292580504,,1016.2019041971164,17.91346655777104,7.339468738638816,0.0,2027.5594742778042,9.672288427645267,East,Autumn,Evening,URBAN,False,True,0
708,2025-04-12,11.749789431353209,59.48414581625792,1002.5262006836903,17.69657979849702,9.773207066004703,2.4437026106829287,1041.9845525954358,68.67498499492514,Coastal,Spring,Afternoon,urban,False,False,1
709,2025-12-19,24.196851552984153,47.53145425429304,1011.9970842147588,2.908399007509173,8.594672281120094,2.6703490524813818,448.39126825388723,61.97265249025222,North,Autumn,Morning,urban,False,False,0
710,2025-10-31,2.838727293617403,64.66669024263769,1001.6062533825055,12.956842182871194,8.227283030337613,3.5616469416128167,14.000861317130159,59.98208600229964,West,Autumn,Morning,URBAN,False,False,0
711,2025-06-19,23.791831474673867,61.04636579807017,1005.0122294047516,15.049743655361587,11.655804759626031,1.0489899012836004,834.935035963543,51.784427217838015,Coastal,Spring,Night,Urban,False,False,0
712,2025-04-14,18.252931664467877,50.88351236412432,991.7909655627487,15.977685800828127,10.533458144116684,1.1976187489834051,625.1910001261763,35.708563619061884,West,Spring,Morning,URBAN,False,False,0
713,2025-07-17,10.295306805602953,71.0723801581166,1018.4699150144037,,10.996904157266654,0.0,520.6861608880063,90.86249828143315,North,Summer,Evening,Rural,True,False,0
714,2025-12-08,23.6365896397756,61.44723451613055,,12.697971109895825,8.920587298790956,1.3835439459498247,696.7373975910141,80.88148293110027,Mountain,Autumn,Night,Rural,False,False,0
715,2025-04-27,0.07885478298343784,77.71499055457545,1019.8067757320097,8.179612827521707,11.631342813315975,3.6277688752209505,760.292768643526,87.08429313908027,South,Spring,Evening,Coastal,False,False,1
716,2025-04-07,37.15566584922885,44.62985629540793,1002.6587782163798,15.061634298046846,10.036736676622237,0.0,0.0,27.342962625078975,North,Spring,Evening,urban,True,False,0
717,2025-01-10,11.72970203890509,65.68656621924033,1006.1946902032341,13.461711970121073,12.83677509764647,2.6657185830997263,903.6759699841705,75.32542317108688,North,Winter,Evening,Rural,False,True,1
718,2025-06-22,33.85906246505193,47.712961702436665,1000.7812492252901,19.636350486962144,7.857925031644982,,337.95537273550735,12.811302494655358,South,Summer,Night,Rural,True,False,1
719,2025-01-16,19.786394503362636,61.05473690571702,1013.4285192834831,2.6057060828955336,5.145849286118632,1.1849893129214142,207.2799901154861,67.23797692593038,South,Winter,Morning,Coastal,False,False,0
720,2025-04-29,22.3345001155842,82.77632800727592,1001.6188169797651,15.86585528216708,7.006841650237227,3.224454528692651,892.7472783138826,92.61603528406079,East,Spring,Morning,Coastal,False,False,1
721,2025-12-17,44.71816727558222,42.170098178040135,1017.2327329450968,0.0,4.0962208688012325,0.0,1389.5343680519738,27.96965890117802,West,Autumn,Afternoon,Urban,False,True,0
722,2025-04-18,20.82973770730869,63.189349388317446,1015.1589472013951,0.0,,0.0,,43.740789346026425,Coastal,Spring,Night,Coastal,False,True,0
723,2025-03-16,12.998698178432445,66.6076933703095,1007.8739434617212,10.521359868814084,12.764853792057412,,,37.28348657887917,North,Winter,Morning,urban,True,False,0
724,2025-09-25,15.143412561616449,40.83580767101341,1024.5225465942851,22.00983212167884,3.913141290123318,0.06733924901286047,824.1648227303141,14.653195756341411,Coastal,Autumn,Night,Coastal,False,False,0
725,2025-08-31,21.232231334847377,40.387927324152784,1010.1390723328828,23.630971904183326,8.05739512583755,2.106941763085106,100.21521011051829,14.679488288965953,East,Summer,Morning,URBAN,True,False,0
726,2025-08-30,23.072669656944257,57.943716514877856,1021.7571766882695,13.068863462035777,7.764200055556274,1.0537520149862138,,83.97181796185198,North,Summer,Evening,Rural,False,False,0
727,2025-07-16,25.936092506526414,34.62271184973787,1013.6982870068481,6.0957143724039025,14.509501158646916,0.0,224.40472480616074,53.351399690166545,,Summer,Afternoon,,True,True,0
728,2025-12-20,14.862415323567566,57.62314751291717,1027.7430082412632,25.473108662941684,0.2,0.0,0.0,46.0459212207199,North,Autumn,Afternoon,Coastal,True,False,0
729,2025-12-14,28.77985597185085,78.91750580196813,1006.0147036456348,20.370076502520988,12.514970159911442,0.9403411757810116,785.8986372826353,72.2328534375184,,Autumn,Evening,Urban,True,False,0
730,2025-09-24,,60.13536809751694,1021.5579906758443,27.92378659953868,7.394813448112963,0.0,899.7299360237064,45.615565224780305,,,Morning,URBAN,True,False,1
731,2025-09-22,8.40653725048293,56.016619059718124,,11.001776180202468,12.2837515726717,4.380785751691432,235.99202685494026,35.302717043573836,Coastal,Autumn,Evening,Rural,False,False,0
732,2025-09-24,-3.19174533429824,,1020.841977526835,15.925885418699814,9.889656910044879,4.070755459649387,0.0,76.27799196725024,,Autumn,Afternoon,urban,False,False,1
733,2025-07-30,25.32078217126119,63.83317568152383,1011.1130054004968,10.422560650087041,3.9154562561851742,0.0,1069.9439027464277,82.16221196586574,Mountain,Summer,Afternoon,Urban,False,True,0
734,2025-02-14,12.957997419761725,80.22948862579,1005.5545276785438,10.891024148392066,7.108822184417228,,551.6792752400521,58.07087088225227,West,Winter,Night,urban,False,False,1
735,,-10.673711967164763,75.77482292741549,1017.9180325877554,17.03010096153468,8.193937576704492,5.066728560869546,0.0,82.90221302905223,North,Autumn,,Rural,False,False,1
736,2025-07-10,6.168552735267305,62.73126525323273,,22.130282435459286,12.062338108369685,1.4782292754577135,98.41969568228035,48.7215898343445,West,Summer,Night,Urban,True,False,1
737,2025-04-12,1.7508825139232336,66.37008940069758,1001.5385233413936,14.242412485299202,10.655047212570032,2.760408325584322,0.0,83.07731793052787,North,Spring,Night,Rural,True,False,0
738,2025-01-02,18.38234965551519,59.62555209795435,1023.5474828859215,7.783346756181326,4.991479194933806,2.2593316712473053,236.3608632718292,49.68937938652681,South,Winter,Night,Urban,False,False,0
739,2025-08-22,5.263503722417671,70.40872335604062,1018.1068642662059,5.558083162235693,7.399219749984573,0.0,557.6874375859564,53.08529754949177,West,Summer,Afternoon,Rural,True,False,1
740,2025-07-29,16.870259833737105,68.21789536038132,1016.2351716571397,14.78465177689081,6.63323683988648,0.0,897.0689202536098,65.87062988296358,West,Summer,Afternoon,Rural,,True,0
741,2025-01-08,27.182822254211853,51.89240453911836,1011.9198164710746,6.131562403482027,9.186869793103336,3.7396128445301065,1446.4113746836042,37.26672181820973,Coastal,Winter,Evening,URBAN,True,,0
742,2025-03-20,25.814722924130812,58.94240138954191,1023.5086307195137,12.826614319673961,11.287227850977283,0.0,1124.618685540338,,,Winter,Afternoon,Urban,False,False,0
743,2025-11-16,32.79893943240752,62.56379161876052,1001.6780314332568,23.123092733481535,12.902481788984156,0.0,741.498611091807,41.62650115496423,South,Autumn,Evening,Urban,False,False,0
744,2025-05-16,27.130177504967392,55.955077382902196,1005.6109474402251,23.3415203625782,7.942653332547579,1.9715063391649317,338.33411775146755,44.94304173289328,North,Spring,Night,Rural,False,False,0
745,2025-07-04,25.844844689976256,57.52112449474989,1019.2422766318664,20.53957541079121,5.210985717982865,0.0,0.0,36.07591429884164,South,Summer,Afternoon,URBAN,False,False,0
746,2025-04-03,27.577539993714666,65.57085200491534,1017.5497177875089,17.613874453707627,3.008932337994967,2.458701750833295,0.0,30.73344961997516,,Spring,,urban,False,False,0
747,2025-03-31,2.27673302705805,70.55904740101039,1007.5021983016543,20.384842872570697,8.938605322512878,0.0,717.2132520430129,65.43213996569834,South,Spring,Morning,URBAN,False,False,1
748,2025-12-22,19.696333258831476,54.61670119496232,1017.8262567718441,14.469192404986341,7.468730462487706,3.72075385222497,983.9794020715135,59.59959601699659,South,Winter,Evening,urban,False,True,0
749,2025-03-29,27.12991556866723,55.203416157107384,,18.738061093843864,11.659269878431779,0.2702500963447037,0.0,57.37848520361373,North,Spring,Evening,Rural,False,False,0
750,2025-09-27,14.001426065591769,72.76203063385438,1008.3110392556943,17.731482031905912,7.060065035243522,,578.3242825362612,76.76657664851187,Coastal,Autumn,Evening,Urban,False,False,1
751,2025-01-29,18.88278155839605,47.33073824538823,1019.9326172669382,6.740775046780632,11.549108928414173,1.2221082547175035,33.417312295126294,46.03856993159473,Coastal,Winter,Night,URBAN,False,False,0
752,2025-10-04,22.708871484095184,49.952032890016895,1016.5803013911311,26.38108802113566,,1.841343625656358,27.961276868353934,42.23194705782019,West,Autumn,Evening,Rural,False,False,0
753,2025-08-18,17.60433903035576,71.84678795931734,1027.4569911618576,21.333861314600433,8.471367285926453,0.0,557.5803685973918,63.33634347485042,Coastal,Summer,Evening,URBAN,False,,0
754,2025-02-24,3.6264946323905853,67.62626520893433,1003.1500799732607,11.671533811941584,6.291972476780776,0.5283529741156652,735.0188352599167,69.0992532468833,South,Winter,Evening,Coastal,False,True,1
755,2025-12-21,29.278262605817197,64.5450937175954,1015.3990521771713,21.538617814070378,1.4764518862204294,5.129403991262199,0.0,48.05228740317587,Coastal,Autumn,Night,URBAN,False,False,0
756,2025-03-02,7.689557891156742,88.22136674918748,1013.7169407884182,1.5605088549847306,4.3336709794178905,0.0,1583.5675527893677,77.88004835205373,Coastal,Winter,Evening,URBAN,,False,0
757,2025-09-12,33.919600547466565,25.622551884046825,1026.014364192687,18.882405346017467,8.61606065517424,7.502205191416799,1610.702862535909,0.0,East,Summer,Afternoon,urban,,False,0
758,2025-02-21,16.76603689251678,54.160219697649666,1028.8023268348697,10.35959188964481,4.417045718814109,5.2024565880509925,1236.4001279064098,25.47770633244375,East,Winter,Afternoon,Coastal,False,,1
759,2025-05-25,18.594053308439683,58.5864467613668,1006.791459851501,0.6205955409754669,,0.0,0.0,29.251417909899786,Coastal,Spring,Afternoon,Urban,False,False,0
760,2025-04-02,15.030147407296724,64.66926401018476,1011.5334153703553,33.63155285487646,5.5685126011282815,0.0,918.3489223249624,54.7563586506376,Mountain,Spring,Evening,urban,False,False,0
761,2025-06-17,18.354984916516816,63.50458756473151,1016.1124760663382,0.0,0.2,0.8244481510541091,0.0,57.39045844707754,South,Spring,Evening,Rural,False,False,1
762,2025-12-10,31.617986081883835,54.31370314386861,1007.988492942493,15.390347847409753,10.381698561995211,1.8713119703226164,685.6491587494347,45.59483077109515,Mountain,Autumn,Morning,urban,True,False,0
763,2025-12-13,3.309870837006457,54.90612294832465,1003.1088233189018,,9.99162186347877,0.0,705.8618375727787,35.508887990692095,South,,Night,Urban,False,False,0
764,2025-04-26,12.58770562775493,63.477643343514124,1024.955021034596,20.60729905361501,8.935568077730473,5.252399013029385,1096.4196033965522,43.068781240190205,Coastal,Spring,Evening,Urban,False,False,0
765,2025-11-24,14.382430904972523,71.75941173123012,1019.8781473499354,12.904771585605893,9.590222811508808,1.5005768775463597,0.0,92.30946598817175,West,Autumn,Afternoon,Coastal,False,False,0
766,,16.766489334517477,85.94378487315046,1010.7130464852729,14.802729953347614,7.177221351375501,3.0865004883956173,397.9560809017146,79.52538881368952,West,Autumn,Night,Urban,,False,1
767,2025-11-28,24.951917642748477,62.556601063744594,1015.076070209293,16.450125527273727,9.925331947256424,1.7664187028037404,0.0,51.95704590365285,,Autumn,Afternoon,Rural,False,False,0
768,2025-04-23,26.98377205400768,57.62697029669866,1018.8900909082242,9.737630629595559,7.1194276141945245,0.0,1883.4700841490362,56.39274164714498,Coastal,Spring,Morning,Rural,True,False,0
769,2025-09-24,28.670984069780268,54.1629857241636,1001.286636662659,8.564527786116752,11.01513091790237,0.0,77.6000281443691,41.80770037397176,West,Autumn,Morning,Urban,False,True,0
770,2025-05-15,35.41535315489775,54.099325055089025,1006.7469997545743,16.978752690319574,5.733614453505044,0.0,423.72488589206847,61.21808135192566,East,Spring,Evening,URBAN,True,False,0
771,2025-11-18,9.550769206822157,74.62710875334881,1014.399467926817,17.901888475419398,,4.138621275972916,,73.6381284796844,Coastal,Autumn,Afternoon,urban,False,,0
772,2025-12-22,24.851468330647734,53.079516358742296,1010.3476609151215,20.57607342411392,6.042945153027926,0.0,1092.5691172716279,46.6555878353215,West,Winter,Afternoon,URBAN,True,False,1
773,2025-07-02,12.842987428824001,72.05052495039315,,22.219351905720764,10.069815901845018,0.0,1003.1672437892386,44.173197760277716,East,Summer,,Rural,False,False,0
774,2025-11-08,30.283556860440154,61.0366026085986,1031.6203246302655,16.19377415630158,7.117115727744405,0.0,384.1742154308203,23.70792312202999,West,Autumn,Night,,,False,0
775,2025-05-20,-5.368226336406636,76.96048817760607,1007.6843375409876,14.65699256614926,,0.0,998.3747984815461,81.19987711318659,South,Spring,Evening,urban,False,False,0
776,2025-11-28,31.504569064088642,65.58821619260094,1014.6946058524954,11.03968121035724,5.435413903104547,0.0,631.8354614628172,45.74236768369572,East,Autumn,Night,Urban,False,False,0
777,2025-05-08,20.186938596671737,61.73068817956506,1013.075649466962,4.156034430763533,6.524645312529406,3.7607387131908685,590.8022648628158,41.05179307963058,South,Spring,Evening,,False,True,0
778,2025-01-01,-3.8077396472597798,74.41249355360853,1009.2427605700691,29.307073578335952,12.985046453732034,1.0428134233720034,390.35094327002287,78.73082648249672,West,Winter,Night,urban,False,True,1
779,2025-04-14,21.674911766202687,,1006.5790166089253,,9.873412039253973,,0.0,61.816386984217246,East,Spring,Morning,Urban,False,False,0
780,2025-01-11,21.457915403921056,54.062624151284226,1006.0014637404588,14.871223001645152,8.70079090505979,0.0,704.6652157630506,19.813917555969198,West,Winter,Afternoon,,False,False,0
781,2025-10-09,,66.43945321223234,1020.1359814072972,18.478373318891293,3.858624196455728,0.0,55.10775959273349,50.17941694502741,Mountain,Autumn,Evening,Coastal,True,False,0
782,2025-09-20,34.34162124216351,32.0735239119332,1010.2383394247528,21.36840236517868,7.8513392369773545,1.2223432066099056,294.23926963739314,22.019095647157528,North,Summer,Night,Coastal,False,False,0
783,2025-09-06,12.075288913752308,68.29463579238798,1003.6601488869854,14.705738961532873,9.734326952913655,1.343263768651711,1147.1813808505367,66.3720398444482,Coastal,Summer,Evening,urban,False,True,0
784,2025-07-22,21.156068026092807,49.5552922059081,1019.8208233087811,8.678639718377985,11.646050943855471,0.0,0.0,72.16000475754784,South,Summer,Afternoon,Coastal,False,False,0
785,2025-06-07,15.781378556868649,52.55103569448705,1019.7184679147467,,7.024653629486454,0.0,0.0,43.8219761026675,Mountain,Spring,Morning,URBAN,True,False,0
786,2025-09-23,26.617550705554926,71.65628876300698,1018.0768735686873,16.827255109465874,7.4360187623666345,2.0037732705718447,334.55114587690537,82.40616510683263,Coastal,Autumn,,Rural,False,False,0
787,2025-02-17,40.19792762469186,,1006.9211105493245,31.863525272806402,0.2,2.0317702503117654,0.0,46.84915125938168,Coastal,Winter,Morning,Urban,True,,0
788,2025-08-24,41.384464031577636,32.63789459220199,1013.3452167431108,7.69739596039032,9.095131568307433,0.0,388.5320762347618,15.489216912867498,North,Summer,Afternoon,Coastal,False,False,0
789,2025-07-08,31.64038742192895,50.83119554122748,1012.9148838583726,28.680740797042453,8.872894768658615,2.219140462457788,0.0,24.534324211414283,Coastal,,Afternoon,Rural,False,False,0
790,2025-03-04,15.909363832115563,65.21766673642792,1007.3063655852168,21.66365262725233,4.287860168711752,0.0,0.0,29.48273717946367,West,Winter,Night,Coastal,False,True,1
791,2025-02-17,28.160098705943632,47.14971318260349,1015.2180893086447,3.0435230598629452,4.819698116457787,2.392601664217329,71.82924512962933,35.57978554708572,East,Winter,Evening,URBAN,False,False,0
792,2025-10-22,25.75032201656619,45.382062757201176,1016.0988140099169,0.3385723459309453,9.576230079505514,0.0,0.0,12.47003557226597,West,Autumn,Night,Urban,False,False,0
793,2025-02-05,14.342905366710157,51.70365577618208,1009.7179853366059,31.90097708638448,8.854757713753768,0.0,0.0,4.864465404298791,Mountain,Winter,Afternoon,Urban,False,True,0
794,2025-08-09,20.022071669448323,58.98761415441994,1022.2282504205406,11.112131612394627,9.415865712226402,1.6258277108206634,1130.468083240649,45.47313272915939,East,Summer,Afternoon,Coastal,False,False,0
795,2025-03-01,15.000323755686335,,1015.0774917503416,16.975082442845736,9.824538317353625,0.0,781.9308445754864,0.33619797568805154,Coastal,Winter,Afternoon,urban,True,False,0
796,2025-09-21,13.956821875561111,63.65856661616802,1010.7187495079213,8.61545220024599,4.93352514055133,0.0,59.28633124701798,56.89977376054204,Coastal,Autumn,Evening,urban,False,True,0
797,2025-11-14,28.111863051526853,33.670727649448935,1006.6190555958688,26.66772329948284,5.527138815310387,1.308734128808198,835.9716738875994,0.0,South,Autumn,Morning,Urban,True,False,0
798,2025-04-18,26.41525671069885,,1026.465195998982,13.770476743642224,10.344164767666989,0.0,271.8530341357982,62.52784542892123,,Spring,Night,Rural,True,False,1
799,2025-06-11,2.3936952364827278,52.56984498366237,1002.8558634209439,24.235305670442816,7.566622115750579,0.0,705.8767438005111,53.2757705100297,South,Spring,Night,urban,False,False,1
800,2025-10-31,17.015809732710427,47.13932401486491,1012.4004829485672,17.55242291108364,7.672931641513554,2.48423231179561,636.7211223267982,61.33495695256548,South,,Afternoon,Urban,False,False,0
801,2025-05-25,2.673809425020938,56.1161351178225,1010.167693808226,32.45068159466944,6.48202478285571,2.737214496038721,1419.6159958978985,,South,Spring,,Coastal,True,False,1
802,2025-08-04,9.893263450750332,67.14017878179075,1015.6492511997715,70.58168842995256,11.425705267316147,0.0,1070.1553885089218,63.467783222915116,South,Summer,Afternoon,URBAN,False,False,0
803,2025-05-20,27.957310587579403,49.243517872694824,1023.2030154469976,4.8055829669757095,9.53910515066677,1.9296877959475496,252.91640363673915,32.764220231815614,South,Spring,Evening,urban,False,False,0
804,2025-01-09,14.302441646879824,62.937090441217634,1007.7848275424773,19.422346346458063,8.045054679367457,1.6926522872444991,830.6803468069174,66.07871680450191,South,Winter,Night,Rural,False,False,0
805,2025-08-18,40.963396598819735,35.13534756809446,1017.8191235536831,21.009091395445395,12.005904022781731,0.6517781515857634,838.3022649558814,32.244516022850675,South,Summer,Morning,urban,False,False,0
806,2025-11-05,28.29169935697697,47.49804771647679,,22.77678816843448,10.078249154318216,4.143904591438405,717.7206011083779,29.330856623195075,Coastal,Autumn,Night,Urban,True,False,0
807,2025-10-20,18.023497479660737,47.11909505257676,,,8.733804908862727,3.4334695284290264,791.5122603576547,21.090473654580997,South,Autumn,Morning,Rural,False,False,0
808,2025-11-21,16.39641788469671,64.59109187741858,1020.2816380860706,21.372556752671624,8.459357790242164,1.547107044647785,497.0961715116466,41.46039489476658,Mountain,Autumn,Afternoon,URBAN,True,False,0
809,2025-12-06,22.5952917673961,57.67465734514401,1003.8806863296006,7.406509241054915,6.348890168367145,1.5726348299979878,565.1025906752919,29.50764378070778,Coastal,Autumn,Afternoon,Coastal,False,False,0
810,2025-03-03,-2.4820715502717974,85.09575073227379,1015.3532487486084,12.820118012682682,5.966950001935139,2.375514361917749,682.9841556132965,83.46042994187937,South,Winter,Night,Coastal,False,False,1
811,2025-09-13,18.50302958776502,64.83115044581955,1007.2307109668736,15.742260018891256,,0.0,114.73896405053807,62.41838645205991,South,Summer,Evening,Coastal,False,False,0
812,2025-06-29,,48.84165615821924,1014.3221922204467,27.029064764455192,9.827706759632223,0.0,1336.6376426073484,,South,,Afternoon,URBAN,False,False,0
813,2025-09-19,6.858928033883169,53.85989175039757,1014.5383337344097,14.118231588521823,,0.0,,,Coastal,Summer,Evening,Rural,False,False,1
814,,25.43710566593203,43.18185413420296,1005.7773031440236,15.791509096358189,6.194505279025195,0.06294741551175173,897.2115086289684,46.283154767505984,East,Autumn,Afternoon,Urban,False,True,0
815,2025-01-21,23.402309175516343,59.10268329216831,1015.8145799819979,20.420622251797557,11.522349916588148,3.9130291104692674,891.8772539548684,32.92407320113578,North,Winter,Afternoon,URBAN,False,False,0
816,2025-03-16,12.42426461951473,76.94929937691543,1001.1822987364276,9.882239498419803,11.60722326298752,0.0,0.0,69.99820944998864,North,Winter,Evening,URBAN,False,False,1
817,2025-06-10,6.470667062302306,84.57006113257883,1013.3490559801014,10.846309243049344,12.78803711626138,0.0,0.0,97.25105936744868,South,Spring,,Coastal,True,False,0
818,2025-08-29,17.59133024365009,48.93928286239732,1016.032524751791,22.152712260814436,13.11058636270478,4.887151465192433,0.0,60.384407701236206,East,Summer,Morning,urban,False,False,0
819,2025-04-21,8.881663388000868,50.515286304668514,996.7816951780864,10.648575995092335,9.634740994353344,0.0,597.6611442811827,20.63359299923283,East,Spring,Night,Coastal,False,,0
820,2025-04-22,,46.731698267980704,1005.670162996074,3.7193248838949966,5.995649164189826,4.549389471440299,,27.20384289336303,East,Spring,Morning,URBAN,False,False,0
821,2025-02-25,20.642410993715927,64.24875649560701,1018.0266484035634,15.77204596548225,5.824471503583908,,678.294577034347,15.27220676479648,Coastal,Winter,Morning,URBAN,False,False,0
822,2025-12-17,31.576481719655852,50.474061429403356,1011.3591350661347,21.083643896126055,6.071681418678686,0.0,213.96153083568885,49.555034866734744,Coastal,Autumn,Afternoon,Rural,True,False,0
823,2025-05-17,13.356954347826985,72.9723206957338,1015.7599918008501,23.012366212461814,10.539247875883081,5.8577029486624905,568.4241985662939,60.31080324566234,East,Spring,Night,Rural,True,False,0
824,2025-06-07,25.913934914765342,66.30888232310174,1017.3346376472304,12.133775124249324,9.740317289570696,,1952.5539780500014,52.44598643471949,South,Spring,Afternoon,urban,True,False,0
825,2025-01-20,16.44159647617612,74.03717706324126,1011.2802578219281,10.714298090824503,12.064518010371799,4.1315662732334,,62.41690927647171,Coastal,Winter,Night,Coastal,True,False,1
826,2025-11-21,16.260639143395814,70.75856603637256,,14.425006698012352,2.834610628053847,0.0,0.0,44.05194960545451,Mountain,Autumn,Afternoon,Rural,False,True,0
827,2025-11-26,6.770269494888744,70.86102880256131,1008.8771590598473,17.86036361347448,,0.0,0.0,74.32022603661972,Coastal,Autumn,Afternoon,Rural,,True,1
828,2025-09-19,21.522962388713403,71.47371830781309,1009.9880476609068,29.634043561094373,,0.0,696.6028802818041,61.77921587200604,East,Summer,Morning,Coastal,True,False,1
829,2025-12-10,23.3449689324397,60.44186671249818,1021.6890102894943,19.431672617947413,9.513906884074824,0.0,1721.1160136734438,41.438396647649206,Mountain,Autumn,Morning,Coastal,False,True,0
830,2025-06-27,,57.52846602091959,1005.8737372619399,14.728828961243028,8.137783602256825,0.0,990.3150436079018,65.93279254075945,North,Summer,Evening,urban,False,False,0
831,2025-09-17,42.47388244696934,55.45004599954464,1016.1796708569143,20.344665071195404,11.861868160280695,,555.1355852886218,38.33245089742928,West,Summer,Evening,Rural,False,False,0
832,2025-05-22,25.894982048053656,52.513382196285605,1022.5384540772538,9.96522899549947,10.162671752272574,,,48.52378424687061,Coastal,Spring,Evening,Urban,False,False,0
833,2025-08-27,17.794669029389937,56.44886795005012,1003.6142725891139,21.496606285699155,7.714970519088856,3.3418018096908666,1386.0700525177235,,Coastal,Summer,Morning,Coastal,False,False,0
834,2025-01-31,30.298368411656845,52.18417735561166,1014.0188406888016,34.996609867177426,6.824207979285375,0.0,812.8788429390582,32.46735240980951,West,Winter,Evening,urban,True,False,0
835,2025-03-24,18.756657226489327,45.80952090220126,1018.0813605296306,,6.088439689721453,0.0,1218.5334736862226,47.35728006256123,North,Spring,Evening,Urban,True,False,0
836,2025-11-13,13.173922227117732,79.31012604624675,1004.8538630770609,8.067199762559323,8.686324238741204,0.7335234380183461,625.8389622154777,82.854708570303,North,Autumn,Morning,urban,False,False,1
837,2025-05-13,12.537196788032526,69.68220757389582,1014.6834092973426,11.824571156221852,7.970139974509726,0.0,289.96573781765096,33.498051038975376,South,Spring,Afternoon,Urban,False,False,0
838,2025-01-12,15.579152008935978,47.246668152307635,1017.8780146573052,0.0,9.160712274263805,0.0,263.71649018795335,33.091590383218985,South,Winter,Morning,URBAN,False,False,0
839,,25.31198936586005,67.58559608764303,1005.5095689382077,5.663519269658689,5.078962349568474,1.563723729656747,202.73367260387357,60.27887442499826,North,Spring,Morning,Urban,False,False,0
840,2025-07-16,27.836462017900402,56.13976949471141,1023.7043032475415,10.805470549581592,10.041760742900813,1.2237715675419338,963.7536909648476,59.01023985866466,South,Summer,Morning,urban,False,False,0
841,2025-12-31,5.484328815751587,60.690541951446946,1018.0934599016322,18.398494746075002,11.115518101996765,0.0,318.44423408458056,40.42616834639683,North,Winter,Night,Coastal,False,False,1
842,2025-01-02,19.36734708141631,77.34018077024412,1007.7505635352147,21.315910474458672,10.47433477703904,0.0,0.0,72.68139378597297,West,Winter,Afternoon,Urban,True,False,0
843,2025-07-07,12.518894908833325,72.64018037580622,1012.8455783048487,0.0,14.048331353921558,0.0,138.7461596502165,65.90282105292702,North,Summer,Morning,URBAN,False,False,0
844,2025-10-26,17.90269270023359,57.23088446206438,1003.7856376149701,12.454423009254747,7.116897780283333,0.0,1422.8361003744517,40.06769016268079,North,Autumn,Night,URBAN,False,False,0
845,2025-01-25,14.338894694453845,49.9057691656764,1005.0189367716597,9.547488620150565,7.581145749585649,0.4531687729584878,0.0,74.91753568913609,Coastal,Winter,Night,URBAN,False,False,0
846,2025-11-15,23.642885659655583,52.25598275952532,1017.4662388881892,15.888793006399217,4.457784853885892,,967.2765174258395,17.25884927516426,North,Autumn,Night,URBAN,False,False,0
847,2025-03-29,7.73551568275912,77.44939673127283,,8.046407257328148,13.767313592344426,0.0,1412.15760004192,77.68936958364266,South,Spring,Night,Coastal,True,False,0
848,2025-04-24,10.456192251180102,82.14446309483682,1004.317057784623,8.549535690616977,12.209459811570763,0.0,1032.2524135265764,,Mountain,Spring,Evening,Urban,True,False,1
849,2025-12-12,16.00289250907412,55.2511295685627,1019.7736958868052,3.1249699055370144,6.846877392040734,0.0,387.70140852125394,54.91749111179395,North,Autumn,Evening,Rural,False,False,0
850,2025-09-26,29.639578952355656,53.73665305825504,1012.329774609377,9.765966347591856,,2.57988349226351,208.2066086865545,,South,Autumn,Morning,Rural,True,False,0
851,,24.72258560925127,59.47498991694193,997.4048322809867,7.966029864859611,2.678605055678667,0.0,,46.18032646477484,South,Winter,Night,URBAN,False,False,1
852,2025-06-10,30.019654456227244,50.13969553248674,1013.7977395408069,52.575431779239565,8.078191140861747,5.258199155532251,,29.609305184339842,,Spring,Afternoon,URBAN,False,False,0
853,2025-06-29,38.37098871566036,19.467618628373128,1010.6125494303363,3.940713898008326,5.160045336814802,0.0,686.9039689258435,0.0,North,Summer,,Coastal,False,False,0
854,2025-03-27,38.94427268333462,42.95003286424379,1006.024502690561,10.61306608276069,4.884297248547577,0.0,1951.2335163813914,34.14828342623252,North,Spring,Morning,urban,True,False,0
855,2025-05-11,,51.06667391701368,1028.3922106469568,20.877621569099666,9.19935803582324,0.0,114.72837163099678,61.44119651065856,West,Spring,Evening,urban,,True,1
856,2025-12-05,31.346370522632082,41.996689171352266,1004.3731607965536,16.56151760349338,8.855290278173694,0.0,164.4290461188947,26.180570889639075,Coastal,,Evening,URBAN,False,True,0
857,2025-07-07,15.001700737754309,77.17442228486888,1028.3576723235622,16.447955150275614,5.797917463758658,2.5578213560779006,267.09743075857034,,South,Summer,Night,Urban,False,False,1
858,2025-10-20,20.534174893612295,47.82391018116316,1014.3644151469874,27.486436510854865,7.966260506776764,1.5922605685664695,467.83666182686045,24.254184871860666,North,,Morning,Coastal,True,True,1
859,2025-09-17,16.986714952371496,76.56038681869651,1012.7094002209352,15.857641177547233,12.166387963302475,1.0637876188052597,1078.225725902621,48.924072729481864,East,Summer,Morning,Rural,False,False,0
860,2025-12-14,28.84151820171316,57.274472826977444,1019.4465784342804,2.8212131663610993,4.429174500011497,0.0,716.892303187649,42.57685857855892,West,Autumn,Afternoon,Coastal,False,False,0
861,,11.53115288005157,87.71942623613708,1000.0507300359817,,,0.0,1107.4680813540874,79.2419209630059,East,Autumn,Afternoon,URBAN,False,False,0
862,2025-01-09,28.2316431450045,56.75640765220623,1011.2123587867044,29.43989609024554,8.296530751538402,2.5975114717987715,619.9070986956381,82.7812152440384,Coastal,Winter,Afternoon,Urban,True,True,0
863,2025-04-01,30.11479738755288,60.465511401334744,1020.7048132058941,35.646077607106015,11.554305040167486,1.4963968810529311,1272.7136985112338,58.00091021135697,South,Spring,Morning,Rural,False,False,0
864,2025-10-24,29.304892329601902,48.782175753465246,1008.0035486271806,14.88490033561428,10.13058163660462,0.5967710677949586,414.37467882999624,45.61753868191851,East,Autumn,Night,Rural,True,False,0
865,2025-10-24,18.19555682550435,53.55763071983635,1007.7723485161266,16.518306736453813,9.858478381445096,0.0,0.0,22.223482068788996,West,Autumn,Afternoon,urban,False,False,0
866,2025-10-23,12.290350293925762,49.08867649298857,1016.2296816400701,,6.700851017766775,0.0,0.0,30.93527411723845,North,Autumn,Morning,Urban,,False,0
867,2025-05-29,10.756067972758489,72.9075159906207,1009.0470372528978,4.8402983388288465,8.905023920222723,0.0,999.5372417923099,87.82870828495612,East,Spring,Afternoon,Urban,True,True,0
868,2025-04-22,12.825066310285571,66.78426477211113,1017.9031081993202,27.592186452514625,9.64952174097578,1.007650246227381,767.4559878579773,60.28508974747409,South,Spring,Morning,Urban,False,False,1
869,2025-07-01,10.185946307841421,65.10660889323584,1011.1553509511718,23.813745114607983,,0.0,0.0,58.188795833192394,East,Summer,Morning,URBAN,,False,1
870,2025-04-26,23.826821730305266,58.41567357981016,1006.3594447633486,7.156687605089984,8.936377555423764,3.040967982748013,0.0,59.57529988649258,Coastal,Spring,Night,urban,,False,0
871,2025-01-15,19.14811661246663,52.693940920235256,1018.9149030359399,21.409380050141664,3.2747101691593805,0.0,,17.00942611952849,South,Winter,Night,URBAN,False,False,0
872,2025-05-24,35.3800196354243,38.441322201489996,999.0365991447837,,12.801840790016811,2.3857945013663997,863.6236503076693,21.007328129467627,North,Spring,Evening,URBAN,False,False,0
873,2025-02-09,6.5635704537445605,85.7168875849576,1005.4494410135985,13.546186857952145,10.470694352548776,4.107907664053789,0.0,,West,Winter,Morning,Urban,False,False,0
874,2025-05-25,21.014673858229983,62.30930129815219,1023.5211732817753,15.056152844339213,7.631857953929226,0.0,1712.204047707093,57.203518324329586,Mountain,Spring,Night,urban,False,False,0
875,2025-07-15,22.524124427870667,66.67715244838823,,19.060641425906397,6.582096536474019,6.114021235281269,0.0,60.05941150299172,Coastal,Summer,Morning,Rural,False,False,1
876,2025-04-18,27.39103406370361,58.59828477119759,1007.1609823026178,9.43435829971188,3.9624535219543935,2.6822495564783146,1439.3038505796162,56.76411925629532,East,Spring,Evening,Coastal,True,True,1
877,2025-11-19,-4.607209517860085,75.19986725863174,1017.1247095782016,12.926813958480421,10.40777453514404,4.05622818134541,279.9938102108959,49.426145102220424,West,Autumn,Evening,Urban,,False,0
878,2025-09-14,6.143336203693405,51.20977137823053,1024.2996954753946,20.372589328405045,12.531483180224988,1.2260252698214864,875.5753447640292,48.855591286761715,Coastal,Summer,Morning,Coastal,True,False,0
879,2025-09-09,32.16372647477485,50.62993532816368,991.2273118477448,15.980397556122421,4.66387597721659,0.2185942059952868,0.0,63.00501744613602,Coastal,Summer,Evening,Coastal,False,True,1
880,2025-12-24,-11.571992215101897,85.85402130258481,1013.5974865856815,17.436264358329385,10.802241686044905,0.7414631187866083,290.05487909903263,57.62077882414154,North,Winter,Afternoon,urban,False,False,0
881,2025-10-15,30.406946099641065,53.36728833682504,1028.4121969450193,14.832363265146467,4.489611616560685,0.0,23.16125623730187,28.854131538319283,West,Autumn,Morning,urban,True,True,0
882,2025-11-29,25.032301723316756,43.16266120808713,1022.3184466416237,0.0,7.794430470280327,0.0,919.8812798973554,48.21685941355463,North,Autumn,Morning,Coastal,False,False,0
883,2025-04-17,23.275940013761424,62.208742636671026,1020.5394243727251,2.674933995205926,2.6647884045233665,2.1525972679288286,128.2045471059198,72.23870713592677,East,Spring,Morning,Coastal,False,False,1
884,2025-11-07,45.0,26.714371299116287,1008.7625178072761,13.057494845127609,10.65154646097535,0.0,793.927091992643,0.0,West,Autumn,Night,Rural,False,False,0
885,2025-10-23,32.06324334040572,54.17088286869445,1011.6273119354702,18.311604978872328,7.512182946775751,2.1268788942134007,1982.076577034266,45.20015138024499,Mountain,,Morning,URBAN,False,False,0
886,2025-01-25,31.092968325648467,53.75142918734278,,9.982327236529159,6.511163621510564,0.0,869.681751087983,45.10146662938088,North,Winter,Night,Rural,False,False,0
887,2025-11-08,26.082592250160502,43.766593993498304,1007.960509094903,19.43062327613351,8.438256998371857,4.0538293701653965,0.0,14.455724902318021,South,Autumn,Afternoon,URBAN,False,False,0
888,2025-09-27,21.58906516882883,48.85499453536984,1016.0487499256405,3.475318668988626,4.7034582097211395,3.405833418847654,375.2869159279302,29.192300224934478,West,Autumn,Morning,urban,False,True,0
889,2025-06-03,9.274465366070832,58.386728987864004,1008.2935129614689,11.047694130906333,5.701795159892279,3.181753076671759,1849.1389475706533,41.12067916380509,Coastal,Spring,Night,Rural,False,False,0
890,2025-10-13,8.845296949126983,57.03692444769822,1018.8203928250534,4.386493271354677,,0.12434534471034317,515.5693997443265,48.53625935690029,South,Autumn,Afternoon,,False,False,0
891,2025-04-25,14.558295798482456,59.78371227894769,1011.9850706150077,8.356789879881447,4.646947367440891,1.8953617702799095,483.23474953431656,60.699211678500006,Coastal,Spring,Morning,Urban,True,True,1
892,2025-12-18,21.47619432359755,52.26357516465074,1021.2945447590965,7.0967885446899786,7.204054311688234,3.9839634468540375,0.0,46.136221189196306,West,Autumn,Afternoon,Rural,False,False,1
893,2025-03-06,45.0,32.33505910910523,1024.771184899198,14.91898719734499,5.864695330501561,0.0,295.69890114142936,14.51559608493286,West,Winter,Night,urban,False,False,0
894,2025-07-30,34.10249361076281,57.14765742866922,1012.7892463555386,12.858061408446318,5.516765193794029,0.0,1152.1079988890128,35.72013227163212,West,Summer,Night,Rural,True,False,0
895,2025-08-26,34.530763888572324,38.78706463137993,1001.976526531874,8.815632873719899,8.733425085605562,1.4406381803628918,1630.7764498786883,53.33452531386507,North,Summer,Morning,Coastal,False,False,0
896,2025-01-02,10.453181873271978,71.847889055854,1010.2664589339599,8.042811071706451,6.740507097967076,,59.36756297543411,91.0476021635589,North,Winter,Evening,Urban,True,False,1
897,2025-06-24,44.83888529015786,44.3261508019294,1005.181399315724,12.416124274991164,10.081833941351228,1.5554744585381255,502.124458252996,27.48701671281576,East,,Evening,Urban,False,False,0
898,2025-10-19,6.3559193389803745,,1008.5400181808503,13.551135060278817,9.117130018967835,1.7052350493641462,0.0,,South,Autumn,Night,URBAN,False,False,0
899,2025-09-02,14.898326490376352,67.15537195600402,1018.2801889354675,11.507439746279545,9.209342207908145,0.0,361.2798941346018,45.07979289334325,West,Summer,Afternoon,Urban,False,False,0
900,2025-10-29,36.05927396321972,69.37658660886036,1006.3790604383479,16.98087682898731,10.224218585358994,1.1476559436002334,737.3143901738298,91.14066178976151,,Autumn,,Urban,False,False,0
901,2025-02-26,1.003557219983989,78.19202158197015,1025.57415976495,13.41862270316315,8.516765220767638,0.0,,65.45726220967448,Coastal,Winter,Evening,Urban,False,True,0
902,2025-07-25,6.957095650480072,53.693173509175544,1007.2742686362253,7.745477799780398,8.945077553998356,0.27572866599414747,1039.3022226284243,25.344726849602228,Mountain,Summer,Night,urban,False,True,0
903,2025-07-14,27.967513172670976,44.37689211496537,1021.9594649080777,17.56888744307356,9.527381852771736,0.0,2597.246304667944,29.758784399809237,North,Summer,Night,Coastal,True,False,0
904,2025-07-03,32.43848527393334,50.91130270665834,1015.5158444333007,12.296222730191914,2.3876282040838506,1.0080607619642605,0.0,71.06452612661832,South,Summer,Morning,urban,False,False,1
905,2025-01-02,15.230016123947518,51.25138618442743,1023.1715424411382,25.16605262756204,6.130452983504831,0.5855685299584196,,17.65667359788671,North,Winter,Evening,urban,False,False,0
906,2025-03-11,29.791936553696306,43.6354745758235,1013.8680623369457,18.50962697170454,7.870077894169068,0.0,338.70221610838405,38.863007450874164,East,Winter,Evening,Urban,False,True,0
907,2025-10-17,35.27330876017949,49.59480207454948,1001.5716396646585,21.566099302637447,9.653203331260379,2.328925102159618,0.0,36.966566888690686,North,Autumn,,Urban,False,False,0
908,2025-12-15,30.48821409270955,49.84095883591144,1021.9771938715742,1.8372428337194293,7.4229899979504825,0.0,1185.4711647892318,13.932603136195105,Coastal,Autumn,Evening,URBAN,,False,0
909,2025-03-18,22.986758571651045,60.86682148174927,1004.057808283218,15.251880252861872,12.946973961992615,0.0,1040.684354900601,53.636200998002494,South,Winter,Evening,Urban,False,False,0
910,2025-09-13,25.88543612043421,38.63624449465037,1016.9397027273923,11.177884799433237,8.275783952126083,0.8701535985016218,1847.0668807418701,40.75014063186989,West,Summer,Morning,Coastal,False,False,0
911,2025-10-09,21.00247735641107,65.47653956816153,1001.1081802444221,4.879688581700542,4.002777811089353,2.0990071404005084,1428.980085268122,62.40937472429201,Mountain,Autumn,Evening,URBAN,True,True,1
912,2025-06-15,12.736287100779974,60.23538760011797,1020.6947163155331,14.937098771024303,11.113369912072054,6.219555580717969,,,West,Spring,Afternoon,Rural,False,False,0
913,2025-10-22,,62.83185431844856,1015.7228208996295,15.444203189842328,11.437681839704391,0.0,0.0,66.64260868252185,North,Autumn,Evening,,False,,0
914,2025-02-22,29.193023929966866,56.58980698898097,1014.2863153660562,37.87184107250023,12.714606882407027,0.5845300985993828,812.8175454379575,42.37715501824191,North,Winter,Evening,Coastal,True,False,0
915,2025-03-16,11.11251958259638,65.22221652986411,1013.0020774901133,14.831641301643309,8.335045793487442,0.7869455893288909,345.7447561906829,49.2124099390376,North,Winter,Evening,Rural,False,False,0
916,2025-08-05,33.41478613611735,52.0525050908566,1018.1034706350995,20.54648386361287,10.78401902774531,0.0,2364.387104702422,39.093390822840256,West,Summer,Afternoon,Coastal,True,False,0
917,2025-10-24,20.64733048020171,71.82647745365757,1003.9676611841202,8.529253793788499,2.2435247471143676,3.433039183154324,778.560231763002,79.70312858164263,South,Autumn,Afternoon,URBAN,False,False,1
918,2025-01-18,24.13189961526318,58.93325302282488,1005.0914246750818,10.02522785397369,5.464907196491469,0.0,750.7116296600602,82.34594548125864,South,Winter,,Urban,False,False,0
919,2025-05-01,23.188115232857843,38.227488663760916,1009.2033146160892,28.7648676198031,,6.700634897924779,1028.328179125884,57.66334785754922,Coastal,Spring,Night,urban,False,False,0
920,2025-02-05,8.311992470086121,72.90059022003935,1021.2634192846976,4.650228272618074,10.540427617469774,0.07882790604968137,103.95252898863146,74.91842401618715,South,Winter,Night,Coastal,False,True,0
921,2025-11-30,18.24742648220063,61.89777447650428,1017.1553614535402,20.444835296893203,12.30940528409717,0.9665580232211395,584.6649723920503,46.19413052572782,West,Autumn,Evening,URBAN,False,False,1
922,2025-10-12,9.606850868615073,69.90311310289553,1006.1698075382883,15.337279515794583,6.495453049599122,0.16253800935717852,1010.8511442119175,,North,Autumn,Evening,urban,False,True,0
923,2025-07-13,13.16780527322905,73.29634987863608,1010.3684513199715,14.732760259090869,0.2376229868152615,3.996508740727474,1624.0088702288306,70.00197392027127,South,Summer,Night,Urban,False,False,1
924,2025-08-22,-9.672469111429116,76.26722368171758,1004.936580899718,25.136562947139666,8.314404666369331,0.0,1526.8344585247396,71.53174535205036,East,Summer,Afternoon,Rural,False,False,1
925,2025-01-11,28.446941586693345,47.268151571643635,1015.4660303085885,8.34177378571605,,0.09431634265992872,654.456890860555,50.08739016651031,South,Winter,Afternoon,urban,False,False,0
926,2025-06-14,41.068971866821585,49.46107191059622,1004.2473066511219,19.999586741022885,0.2,0.0,0.0,58.61945327902036,Coastal,Spring,Afternoon,Urban,False,,0
927,2025-05-01,13.060024019045443,63.616108895661284,1022.5999347769737,11.914841393853106,7.67095953885478,0.0,381.690448994154,53.73257809990984,West,Spring,Night,urban,True,False,0
928,2025-08-21,16.747802780371764,55.90671619351637,1012.6791824182942,21.05691907529089,8.079473120490587,0.0,0.0,47.8399451195632,Coastal,Summer,Night,URBAN,False,False,0
929,,16.617228117670347,59.31774800433718,1023.3410118914569,27.191000629026966,6.871915691905743,0.0,0.0,57.51034677486862,East,Autumn,Evening,URBAN,False,False,0
930,2025-04-26,26.947966088217076,60.92105759941109,1015.7384797344233,6.798137408597119,10.574099275439583,1.2396078853685313,563.8815665357592,64.90669865522878,Coastal,Spring,Night,URBAN,False,False,0
931,2025-07-02,35.65273451138388,22.971207573161546,1020.4754815000337,17.909693680088644,10.908552046469342,0.0,113.19493943067607,2.751072037752504,Coastal,Summer,Morning,Coastal,False,False,0
932,2025-01-17,14.008331990292696,68.39172323887111,1007.3876308020964,17.89237944674979,7.871816577790037,1.8945589693994265,649.2814882306615,23.888170759580532,Coastal,Winter,Morning,Urban,False,False,1
933,2025-12-29,11.582176784310024,67.33204812352254,1004.8342543820297,10.242164897592275,10.3189534165237,5.482774978826452,213.70087860512717,46.51948732491868,East,Winter,Evening,urban,False,False,0
934,2025-06-28,24.663936263906376,49.62396528984701,1012.0119599166935,16.113867985584815,1.6441108713815895,0.0,0.0,52.891926265265546,South,Summer,Morning,Rural,False,False,0
935,2025-12-19,21.62606974673856,50.481439822663276,1016.7889908714858,24.492440285137803,7.212557790863364,0.0,56.23947258410084,51.890317792916015,Mountain,Autumn,Evening,urban,True,False,0
936,2025-04-11,2.784500549203841,97.09584173511976,1027.0141642710316,31.77866090279084,7.84378809148198,1.3517022919542994,0.0,100.0,North,Spring,Evening,urban,False,True,0
937,2025-09-24,24.7765356613406,,1010.8201000630539,8.501927327597368,9.98740463998544,0.5747748888361424,578.3741477257615,68.10152404724538,West,Autumn,,URBAN,False,False,0
938,2025-07-20,27.66025883676928,54.03074807166391,1009.7433559541822,13.173828339214829,5.33541825829103,0.0,467.76448599030954,7.782385135723516,East,Summer,Night,URBAN,False,False,0
939,2025-12-01,37.78756222426766,25.29033790740777,1015.0805728796463,6.027670896225777,6.754112270708485,1.8103877329408633,631.1777298508257,24.334643699873894,East,Autumn,Afternoon,,False,False,0
940,2025-11-08,14.413443346874441,65.58387197543146,1015.6252310520092,34.06123173010438,8.704102460924252,1.5885466023964936,1643.6819933785396,62.52568864392082,Coastal,,Afternoon,URBAN,False,False,1
941,2025-04-03,-0.5912929009123076,79.76894277484473,1017.6986822382058,6.488486111655085,7.865553071533113,3.9485976944914416,636.9894351170376,100.0,North,Spring,Night,Urban,True,False,1
942,2025-05-20,20.40132893398777,49.378343684114355,1009.4001016369407,27.026507998044004,9.780459403261341,0.0,798.8242184632791,55.90257258724817,North,Spring,Night,Rural,False,True,0
943,2025-08-11,11.766330132975687,50.85752100694694,1001.9269526744781,10.853064744716258,4.585385923989849,1.0945744368811285,409.1015662844358,48.22667793810529,Mountain,Summer,Afternoon,Rural,False,False,0
944,2025-12-14,9.61494775145771,46.43163924614386,1004.8993776245219,19.03158346958383,,2.1177045763965174,442.89125043978567,29.16143766228735,East,Autumn,Night,Rural,True,False,0
945,2025-05-22,30.00244781298173,40.61237463077441,1007.3045197855561,17.77851821440788,3.242524480536847,1.7204862782303818,928.8949668012951,47.96632483591877,East,Spring,Morning,Coastal,True,False,1
946,2025-07-27,,58.85479378869101,1008.9067662231877,30.701955415757062,6.174635717814507,0.0,0.0,37.83114831230011,South,Summer,Morning,Rural,False,False,0
947,2025-04-21,19.219469691976258,60.074009255734424,1008.4361554467869,23.287699315254294,10.337315734790566,0.0,511.2598323302448,63.361493610903246,Mountain,Spring,Afternoon,Urban,True,False,0
948,2025-11-21,24.999867220891904,56.665528989430705,1006.0305238655051,7.152507228241197,11.165627777661639,,306.73790423713433,39.90306211072474,Coastal,Autumn,Afternoon,urban,False,True,0
949,2025-10-15,,56.80685057466296,1011.6055884965434,14.787092442791884,9.147832823277113,0.7807928221424465,197.27196104585016,73.43981604770626,North,Autumn,Afternoon,Coastal,False,False,0
950,2025-03-15,32.417540763521636,35.53177775333169,1015.5595051640221,0.0,3.544510325117222,2.93939367630825,,20.472859284214003,Coastal,Winter,Evening,Coastal,True,False,0
951,2025-09-29,29.391382671368106,16.725141161432603,1029.2019650488448,7.821824761983009,8.940014364565144,0.0,366.0547617990323,0.0,Mountain,Autumn,Morning,urban,False,False,0
952,2025-04-06,13.939434590545183,58.48586642897581,990.5131990546873,20.24013073427175,6.202777904155671,0.0,849.9333576216634,66.46064370051653,Coastal,Spring,Morning,urban,False,False,0
953,2025-11-03,29.080410567699698,46.171982234498536,1025.9553595386278,0.9127147018706889,,2.9054107029575302,1116.7664250154635,32.83987388659108,Mountain,Autumn,Afternoon,URBAN,True,False,0
954,2025-12-27,17.34703196294604,39.47693061755115,1004.0250536889233,18.601097894939414,11.450061313970833,0.0,62.845072947290305,27.51441061262011,East,Winter,Night,Rural,False,False,0
955,2025-09-05,37.9877051924277,37.76684799088393,1009.6043916785932,11.902347329595255,6.498893711811612,3.2044095795131637,177.00310225474192,0.0,East,Summer,Morning,Coastal,True,False,0
956,,27.754445881444653,58.15292789371301,1006.4563475866289,14.161117599799086,5.174904880955792,0.0,690.1304044150954,58.21122157045603,East,Summer,Afternoon,URBAN,False,False,0
957,2025-02-03,26.880683043273752,60.62376125626736,1014.4196138686762,12.721985790845254,8.819348377595757,0.0,824.8171452278627,66.90886155567617,West,Winter,Afternoon,Coastal,False,,0
958,2025-10-22,25.681351728079637,50.51866007316265,1015.0604213121566,23.159572256667204,5.877256059101867,0.0,,58.88287079556204,East,,Evening,URBAN,False,False,0
959,2025-10-23,24.704049085886766,54.54660456845821,994.1699994823443,31.186376830961105,6.421191186324121,0.0,864.9077867123913,48.27549882433446,East,Autumn,Morning,Coastal,True,False,0
960,2025-12-05,29.27401417349377,49.131955755186624,1001.8604926062836,17.994644476297946,5.126412790456897,2.979297740165754,547.5652038007895,40.861352798808426,Coastal,Autumn,Evening,urban,False,False,1
961,2025-03-07,16.70045493376823,52.6049068739179,1014.3299388438628,13.733828908514486,10.5985938988728,3.4484302203788753,1100.5363845090578,60.52137937268205,Mountain,Winter,Afternoon,urban,False,False,0
962,2025-12-06,15.782682597565303,51.41672693574187,1011.6503900980924,16.734031558161853,12.65781951727698,0.0,186.0652403380434,47.67209028461068,South,Autumn,Morning,URBAN,False,False,0
963,2025-08-07,20.735885098400033,57.35750187260472,990.1931600361703,24.495665579137828,10.32379379694916,0.6250442222431969,1245.6207731017728,63.50035544126135,East,Summer,Evening,Rural,,False,0
964,,5.993469164055297,72.00309649468696,1028.4676146179697,16.87585957305876,3.123386796215323,3.21028054929307,0.0,61.021294141391444,East,Autumn,Night,Coastal,False,False,0
965,,26.038041756771587,,1019.0189927266762,,10.515500371773877,0.0,130.52723390076653,46.63557229461631,West,Winter,Night,URBAN,True,False,0
966,2025-03-05,18.421685347564722,60.24566620401222,1022.4062422877803,13.012777783677627,9.632539315344387,0.0,0.0,64.3022564804504,Coastal,Winter,Morning,Rural,False,False,0
967,2025-09-16,40.87879961968949,56.90403228106149,1001.7688625334544,14.455767812990732,10.379527294727449,0.0,0.0,28.5047193744188,West,Summer,Evening,Urban,,False,0
968,,-0.9668536162225365,,1002.4463076493254,16.34194435512617,5.24477450524798,0.0,1086.6261198096558,67.44516673359031,West,Summer,Night,urban,False,False,0
969,2025-07-04,24.08541077654578,44.754620296014515,1010.9173262311098,21.727835549689125,5.101200354782074,4.147916990176545,0.0,20.56194575954403,North,Summer,Afternoon,Rural,False,True,0
970,2025-10-22,20.437612683831073,62.33520192653,1019.071431055154,,3.7211599353810225,0.0,589.3176868823286,51.53731523874217,,Autumn,Morning,Rural,False,False,0
971,,19.1771390875052,72.50075850944806,1004.8696238893029,18.894924345514884,10.070042271949976,0.29222575543444596,0.0,58.755456459569615,Coastal,Summer,Evening,urban,True,False,0
972,2025-03-09,35.203671482095906,52.60065091973698,1013.2942726726342,6.1933037764944,8.260854933505067,0.546915082290178,0.0,21.045729131589788,South,Winter,Morning,Urban,True,,0
973,2025-12-24,27.87202534819968,55.228629649929054,1017.157347358666,8.396292005050807,9.84051402015865,0.0,348.6524932739993,60.72817503574203,North,Winter,Night,Urban,False,False,0
974,2025-09-27,36.82159371145258,34.21371709828432,1020.5821055096601,24.7684615446734,8.299370585623711,0.0,378.1591282028508,37.649141678364714,East,Autumn,Afternoon,urban,False,True,0
975,2025-07-16,11.187763521424527,70.42315184738669,1024.5498185524943,13.794902660651482,11.552133023906727,0.0,829.8049303875837,47.36034481088988,North,Summer,Night,Rural,True,,0
976,2025-05-21,26.487840108811152,65.58041288435155,,15.444635167003371,5.67774882894086,0.0,468.45746052324904,61.352759017200654,Mountain,Spring,Evening,Rural,True,False,1
977,2025-01-24,28.782474632949658,55.24052188376348,1023.5163108241258,11.752823684190481,6.566949860003756,0.0,532.9443016746902,45.2960776350557,Coastal,Winter,Morning,Rural,True,False,0
978,2025-06-17,,76.01012454570295,1017.4858787477015,24.224696358624378,7.847939190268387,2.9064638664828824,0.0,61.249349268222474,Coastal,Spring,Evening,Coastal,False,,1
979,2025-07-22,37.79081889189034,41.6755360869735,1017.3470778309596,19.962523284827718,11.432089819360204,0.0,85.06935398681998,26.167871749491937,West,Summer,Night,,False,True,0
980,2025-02-11,11.564200512781499,66.04537776169876,1010.1968209154958,19.9584430327183,11.26246379737559,0.0,0.0,32.51061201189857,West,Winter,Evening,urban,True,True,0
981,2025-04-03,,78.21930034686457,1005.0532533556003,15.217638137275342,4.210097093272882,0.0,173.56573114748045,55.37575792222768,Coastal,Spring,Evening,Urban,False,False,1
982,2025-04-21,16.893474020447165,57.01448421654784,1008.1425349655464,26.1470646803033,8.875299660364886,3.9634619962803477,960.2219970741814,47.02996554795028,Mountain,Spring,Evening,URBAN,True,True,0
983,2025-08-02,16.42587995261102,53.8652478197725,1017.8281058509597,11.939482319744265,9.104279244921143,5.125015277951236,1555.6992401587008,19.41939747198125,Coastal,Summer,Afternoon,URBAN,False,False,0
984,2025-05-03,12.471508216152163,61.6218939960953,1005.8238556484082,7.095053265785908,10.174472950604208,0.0,709.185208473442,6.8280627625774954,North,Spring,Night,URBAN,False,False,0
985,2025-11-03,17.255329292235196,64.29538695364498,999.989342876337,24.756571605958868,8.832383568238242,1.2971801788998236,754.4055169809078,60.41551987657726,South,Autumn,Night,,False,False,0
986,2025-01-04,18.428365810840933,60.34068748832416,1013.2840553155602,6.0410986390453,14.079782920147494,4.978956184482379,1872.4325959549246,49.81556926614243,South,Winter,Afternoon,urban,True,False,0
987,2025-12-23,25.280828951097334,67.80292874322065,999.5270435911536,16.616265771343546,9.078097794378612,0.0,1355.5178098814526,72.7766288853706,West,Winter,Evening,Coastal,True,False,1
988,2025-07-04,6.346797987110062,60.46758047743396,1008.0120729713452,26.19791564469118,7.737324498242826,0.0,572.7649217663636,55.56212508221756,North,Summer,Morning,URBAN,False,False,0
989,2025-11-20,-0.23847893402782816,71.01735193531351,1005.0513331205492,17.552906980203854,7.518442517982998,0.0,1133.5108838352471,100.0,South,Autumn,Morning,Coastal,True,False,1
990,2025-09-02,24.000202076810837,58.1112208192331,1009.2444302429026,10.308351502511456,6.532728793284316,4.3550470457187185,0.0,45.2781146177835,Mountain,Summer,Night,URBAN,,False,0
991,2025-05-09,17.962277328094174,52.27573899535746,1017.9683916481221,,9.38733267922592,0.4192507812469989,1428.070258346645,44.04934625551935,West,Spring,Night,urban,False,False,0
992,,16.355966322126697,67.18885232674349,998.3661461000086,13.218893261949624,8.05042295947949,4.183150902001817,0.0,41.00994640068967,North,Spring,Evening,Coastal,False,False,0
993,2025-09-04,43.31529149042214,39.573691312814034,1009.4160947929032,11.45736461606532,6.569289551135002,2.1239296224272355,94.2715139028341,10.888661276541178,Mountain,Summer,Morning,Urban,False,False,0
994,2025-04-19,23.909838903036654,63.72412766591955,1010.8159769084225,9.745985051184302,4.685623247595434,0.24753601260362249,1959.5413526299412,81.19254514736238,West,Spring,,urban,True,True,1
995,2025-09-05,19.70276854487717,61.03871586188875,999.9984783164737,9.53288828882412,9.532359788034697,1.1039059824560942,149.54801585535853,41.29973034532216,North,Summer,Afternoon,Urban,False,False,0
996,2025-06-07,18.03607035097544,53.32136284855606,1015.5671483654551,9.557305408877408,8.06325339722755,0.25060560925711794,22.161001779977028,57.82746702070664,West,Spring,Night,URBAN,True,False,0
997,2025-05-18,32.12061995269276,44.002389339744255,997.3532396693963,,9.056141864199164,1.6615331839227339,1095.0563531623566,55.81169593684466,North,Spring,Night,Coastal,False,False,0
998,2025-08-30,28.00757639576391,41.43914258057572,1006.2691722934229,21.466925240548324,8.451208353916854,1.6683288172399218,1436.751356520067,27.228654202175473,Mountain,Summer,Night,Coastal,True,False,0
999,2025-10-15,36.84299194050149,,1006.9094822509985,15.125197095273665,17.140058967914644,0.0,312.6147241531943,66.95509810699089,West,Autumn,Night,Coastal,False,False,0
1000,2025-10-21,3.0169967530512665,90.08124770666652,1018.6347164351008,20.23289711585776,7.775029827723575,0.8814879085155336,460.23360896114497,55.22144641377412,Coastal,Autumn,Morning,Urban,True,False,0
